time,FWOG,TOSHI,POPCAT,MOG,PEPE
2025-05-22 12:00:00,0.0,-8.187853064269461e-06,0.0,0.0,
2025-05-22 13:00:00,0.0,0.0,0.0,0.00014576308653331348,
2025-05-22 14:00:00,3.358825462488522e-05,1.71382661803334e-06,0.0,0.0,
2025-05-22 15:00:00,0.0,0.0,0.0,0.0,
2025-05-22 16:00:00,-0.0003562933156322755,0.0,0.0,0.003254814392912137,
2025-05-22 17:00:00,2.1799078850272783e-05,0.0,0.0,0.0,
2025-05-22 18:00:00,0.0,-1.5195884935134663e-05,0.0,0.003974156243755886,
2025-05-22 19:00:00,0.0,0.0,0.0,-0.0005991438794538269,
2025-05-22 20:00:00,0.0,0.0,0.0,0.0,
2025-05-22 21:00:00,0.0,0.0,0.0,-0.0006464978218570221,
2025-05-22 22:00:00,0.0,3.1086729203489373e-05,0.0,0.0,
2025-05-22 23:00:00,-3.013591296667004e-05,6.667896656543477e-05,0.0,-0.0003492955043907754,
2025-05-23 00:00:00,0.0,0.0,0.0,0.0,
2025-05-23 01:00:00,0.0001439616283783356,0.0,0.0,0.0,
2025-05-23 02:00:00,0.0,-9.446292841221007e-05,0.0,0.0,
2025-05-23 03:00:00,3.276469771223222e-05,2.9013301847441202e-05,-0.0005282524070257803,0.0,
2025-05-23 04:00:00,0.0,-3.477323938011841e-05,0.0008743311722063039,-0.0017606729304597921,
2025-05-23 05:00:00,0.0,0.0,0.0,-0.0003429502374050754,
2025-05-23 06:00:00,0.0,0.0,0.0,0.0,
2025-05-23 07:00:00,-4.764786270005146e-05,0.0,0.0,0.0,
2025-05-23 08:00:00,-5.7834238365869735e-05,0.0,0.0,0.0,
2025-05-23 09:00:00,4.317470471454523e-05,0.0,0.0,9.209294064779059e-05,
2025-05-23 10:00:00,0.0,5.236148071790783e-07,0.0,-0.00020269036166664794,
2025-05-23 11:00:00,0.0,0.0,0.0,0.0,
2025-05-23 12:00:00,0.0,0.0,0.0,0.0,
2025-05-23 13:00:00,-2.0875415060408036e-05,-5.833560558829498e-05,0.0,-0.0007117880375146411,
2025-05-23 14:00:00,-0.0001273548837872788,0.0,0.0,0.0,
2025-05-23 15:00:00,-0.00041885808943349764,-4.064450098445807e-05,0.0,-0.0011081565164930743,
2025-05-23 16:00:00,0.0,0.0,0.0,0.0,
2025-05-23 17:00:00,-1.6726322005889504e-05,0.0,0.0,0.0,
2025-05-23 18:00:00,-0.0002808258034395716,0.0,0.0,0.00023026886556022297,
2025-05-23 19:00:00,0.0,0.0,0.0,0.0,
2025-05-23 20:00:00,0.0,0.0,0.0,0.0,
2025-05-23 21:00:00,0.0,1.7090863841512723e-05,0.0,0.0,
2025-05-23 22:00:00,0.0,0.0,0.0,0.0,
2025-05-23 23:00:00,0.0,0.0,0.0,0.0,
2025-05-24 00:00:00,-3.74621176899191e-05,0.0,0.0,0.0,
2025-05-24 01:00:00,5.953591468175077e-06,-1.0045203484851945e-05,0.0,0.0,
2025-05-24 02:00:00,-3.358570723756789e-05,-9.708022355036465e-06,0.0,0.0,
2025-05-24 03:00:00,0.0,0.0,0.0,0.0,
2025-05-24 04:00:00,0.0,1.8155239715490416e-05,0.0,-0.00019084646959153704,
2025-05-24 05:00:00,0.0,0.0,0.0,0.0,
2025-05-24 06:00:00,0.0,0.0,0.0,0.0,
2025-05-24 07:00:00,0.0,0.0,0.0,0.0,
2025-05-24 08:00:00,0.0,0.0,0.0,0.0,
2025-05-24 09:00:00,0.0,0.0,0.0,0.0,
2025-05-24 10:00:00,0.0,0.0,0.0,0.0,
2025-05-24 11:00:00,0.0,0.0,0.0,0.0,
2025-05-24 12:00:00,-1.0301783967933789e-05,0.0,0.0,0.0,
2025-05-24 13:00:00,0.0,0.0,0.0,0.0,
2025-05-24 14:00:00,-0.00011853178277850866,0.0,0.0,0.0,
2025-05-24 15:00:00,0.0,0.0,0.0,0.0,
2025-05-24 16:00:00,5.38296956300451e-06,0.0,0.0,0.0,
2025-05-24 17:00:00,0.0,0.0,0.0,0.0,
2025-05-24 18:00:00,0.0,0.0,0.0,0.0,
2025-05-24 19:00:00,0.0,0.0,0.0,0.0,
2025-05-24 20:00:00,0.0,0.0,0.0,0.0,
2025-05-24 21:00:00,-3.51104758371594e-05,0.0,0.0,0.0,
2025-05-24 22:00:00,0.0,0.0,0.0,0.0,
2025-05-24 23:00:00,0.0,0.0,0.0,0.0,
2025-05-25 00:00:00,0.0,0.0,0.0,0.0,
2025-05-25 01:00:00,0.0,0.0,0.0,0.0,
2025-05-25 02:00:00,-4.362261007529013e-05,0.0,0.0,0.0,
2025-05-25 03:00:00,0.0,0.0,8.873851512611768e-05,-0.0005344970202133182,
2025-05-25 04:00:00,-4.0793777374625935e-05,0.0,0.0,0.0,
2025-05-25 05:00:00,4.633222891763117e-05,0.0,0.0,0.0,
2025-05-25 06:00:00,0.0,0.0,0.0,-5.7976542374918336e-05,
2025-05-25 07:00:00,0.0,0.0,0.0,0.0,
2025-05-25 08:00:00,5.807520454337361e-05,0.0,0.0,0.0,
2025-05-25 09:00:00,0.0,0.0,0.0,0.0,
2025-05-25 10:00:00,0.0,0.0,0.0,0.0,
2025-05-25 11:00:00,0.0,0.0,0.0,0.0,
2025-05-25 12:00:00,0.0,0.0,0.0,0.0,
2025-05-25 13:00:00,0.0,0.0,0.0,0.0,
2025-05-25 14:00:00,1.396423383583314e-05,0.0,0.0,0.0,
2025-05-25 15:00:00,0.0,0.0,0.0,0.0,
2025-05-25 16:00:00,0.0,0.0,0.0,0.0,
2025-05-25 17:00:00,0.0,0.0,0.0,0.0,
2025-05-25 18:00:00,1.8446734887675943e-05,0.0,0.0,0.0,
2025-05-25 19:00:00,0.0,0.0,0.0,0.0,
2025-05-25 20:00:00,0.0,0.0,0.0,0.0,
2025-05-25 21:00:00,0.0,0.0,0.0,0.0,
2025-05-25 22:00:00,0.0,0.0,0.0,0.0,
2025-05-25 23:00:00,0.0,0.0,0.0,0.00019239460004825143,
2025-05-26 00:00:00,0.00018149488212962245,0.0,0.0,0.0,
2025-05-26 01:00:00,-4.247474919971884e-05,0.0,0.0,0.0,
2025-05-26 02:00:00,0.0,3.7358869248931166e-05,0.0,0.0,
2025-05-26 03:00:00,-5.727252979564878e-06,0.0,0.0,0.0,
2025-05-26 04:00:00,0.0,-0.00020109432678775403,0.0,0.0,
2025-05-26 05:00:00,-8.621508216761051e-06,0.0,0.0,0.0,
2025-05-26 06:00:00,-6.016426640968186e-06,0.0,0.0,0.0,
2025-05-26 07:00:00,0.0,0.0,0.0,0.0,
2025-05-26 08:00:00,0.0,-1.3330481549441118e-05,0.0,-0.0004252560112887165,
2025-05-26 09:00:00,0.0,0.0,0.0,0.0,
2025-05-26 10:00:00,-7.868716319265123e-05,0.0,0.0,-4.86666276121556e-05,
2025-05-26 11:00:00,-4.3891073511864934e-05,-1.878928001126972e-05,0.0,0.0,
2025-05-26 12:00:00,-0.00013039874845371214,0.0,0.0,0.0,
2025-05-26 13:00:00,0.0,0.0,0.0,0.0,
2025-05-26 14:00:00,0.0,0.0,0.0,0.0,
2025-05-26 15:00:00,0.00016876474491067618,0.0,0.0,0.0,
2025-05-26 16:00:00,8.990407899374107e-05,0.0,0.0,0.0,
2025-05-26 17:00:00,0.00010373756012643662,0.0,0.0,0.0,
2025-05-26 18:00:00,0.0,-5.6757359904794944e-05,0.0,0.0,
2025-05-26 19:00:00,-2.4938540521687067e-06,0.0,0.0,0.0,
2025-05-26 20:00:00,0.0,0.0,0.0,0.0,
2025-05-26 21:00:00,0.0,1.129689037510411e-05,0.0,0.0,
2025-05-26 22:00:00,0.0,0.0,0.0,0.0,
2025-05-26 23:00:00,0.0,0.0,0.0,0.0,
2025-05-27 00:00:00,-8.963703017064228e-05,2.799960152992618e-05,0.0,0.0,
2025-05-27 01:00:00,0.0,-3.0191374207706183e-05,0.0,0.0,
2025-05-27 02:00:00,0.0,0.0,0.0,0.0,
2025-05-27 03:00:00,0.0,0.0,0.0,0.0,
2025-05-27 04:00:00,0.0,0.0,0.0,0.0,
2025-05-27 05:00:00,0.0,0.0,0.0,0.0,
2025-05-27 06:00:00,2.4439714495841253e-06,0.0,0.0,0.0,
2025-05-27 07:00:00,0.0,0.0,0.0,0.0,
2025-05-27 08:00:00,1.4068872183519832e-05,0.0,0.0,-5.6300241717875025e-05,
2025-05-27 09:00:00,0.0,0.0,0.0,0.0,
2025-05-27 10:00:00,8.705193451346473e-06,0.0,0.0,0.0,
2025-05-27 11:00:00,0.0,0.0,0.0,0.0,
2025-05-27 12:00:00,0.0,0.0,0.0,0.0,
2025-05-27 13:00:00,0.0,9.295838961972726e-11,0.0,0.0,
2025-05-27 14:00:00,0.0,0.0,0.0,0.0,
2025-05-27 15:00:00,0.0,0.0,0.0,0.0,
2025-05-27 16:00:00,0.0,0.0,0.0,0.0,
2025-05-27 17:00:00,0.0,0.0,0.0,0.0,
2025-05-27 18:00:00,0.0,0.0,0.0,0.0,
2025-05-27 19:00:00,0.0,0.0,0.0,0.0,
2025-05-27 20:00:00,0.0,1.0688530526959047e-06,0.0,0.0,
2025-05-27 21:00:00,0.0,0.0,0.0,0.0,
2025-05-27 22:00:00,0.0,0.0,0.0,0.0,
2025-05-27 23:00:00,0.0,-7.747681290409741e-07,0.0,0.0,
2025-05-28 00:00:00,0.0,0.0,0.0,0.0,
2025-05-28 01:00:00,0.0,0.0,0.0,0.0,
2025-05-28 02:00:00,0.0,0.0,0.0,0.0,
2025-05-28 03:00:00,0.0,0.0,0.0,5.2362417337786614e-05,
2025-05-28 04:00:00,0.0,0.0,0.0,0.0,
2025-05-28 05:00:00,0.0,7.668305290594683e-06,0.0,0.0,
2025-05-28 06:00:00,-0.0001552554951496544,0.0,0.0,0.0,
2025-05-28 07:00:00,2.1623465938011457e-06,0.0,0.0,0.0,
2025-05-28 08:00:00,0.0,0.0,0.0,0.0,
2025-05-28 09:00:00,0.0,-2.158232276582816e-05,0.0,0.0,
2025-05-28 10:00:00,0.0,0.0,0.0,0.0,
2025-05-28 11:00:00,0.0,0.0,0.0,0.0,
2025-05-28 12:00:00,-4.828136171191322e-07,-3.495036694675156e-07,0.0,0.0,
2025-05-28 13:00:00,-3.438835944353935e-05,0.0,0.0,0.0,
2025-05-28 14:00:00,3.269406451769057e-05,0.0,0.0,-0.0006177089491301796,
2025-05-28 15:00:00,0.00010937061552429044,-6.500619773821932e-06,0.0,0.0,
2025-05-28 16:00:00,-0.00015457193710060306,1.4924629768020811e-05,0.0,0.0,
2025-05-28 17:00:00,-3.0266084152510692e-05,-6.808797760416083e-07,0.0,0.0,
2025-05-28 18:00:00,0.0,0.0,0.0,0.0,
2025-05-28 19:00:00,0.0,0.0,0.0,0.0,
2025-05-28 20:00:00,0.00011734346473788234,2.009587905712797e-05,0.0,0.0,
2025-05-28 21:00:00,0.0,0.0,0.0,0.0,
2025-05-28 22:00:00,0.0,0.0,0.0,0.0,
2025-05-28 23:00:00,0.0,0.0,0.0,0.0,
2025-05-29 00:00:00,0.0,4.991524516560114e-05,0.0,0.00026887178484026337,
2025-05-29 01:00:00,-8.463406035927888e-05,0.0,0.0,0.0004330572524046891,
2025-05-29 02:00:00,0.0,0.0,0.0,0.0,
2025-05-29 03:00:00,-0.0001138661701090248,0.0,0.0,0.0005649137710117824,
2025-05-29 04:00:00,0.0,0.0,0.0,0.0,
2025-05-29 05:00:00,0.0,0.0,0.0,0.0,
2025-05-29 06:00:00,0.0,0.0,0.0,0.0,
2025-05-29 07:00:00,-4.911997165064079e-06,0.0,0.0,0.0,
2025-05-29 08:00:00,6.473360952124171e-05,0.0,0.0,0.0,
2025-05-29 09:00:00,0.0,-4.02606046443489e-05,0.0,0.0,
2025-05-29 10:00:00,0.0,-4.040645630472969e-06,-8.124398774579323e-05,0.0,
2025-05-29 11:00:00,-1.0225580832453982e-05,0.0,3.653351946829538e-05,-0.00022265672811166428,
2025-05-29 12:00:00,-0.00015976394443900502,-6.196122715529568e-05,-0.0004640017681335265,0.0,
2025-05-29 13:00:00,0.0,0.0,0.0,-0.0004156978252149431,
2025-05-29 14:00:00,0.0,0.0,0.0,-1.7014300953420954e-05,
2025-05-29 15:00:00,0.00014237045222925896,0.0,0.0,0.0,
2025-05-29 16:00:00,3.472887415033593e-05,0.0,0.0,-4.8022972070970107e-05,
2025-05-29 17:00:00,2.015653978438596e-06,0.0,0.0,-1.841032504324318e-05,
2025-05-29 18:00:00,-1.7254903074612267e-05,0.0,0.0,-6.737662097730071e-05,
2025-05-29 19:00:00,0.0,0.0,0.0,0.0,
2025-05-29 20:00:00,0.0,0.0,0.00030223907642222824,0.0,
2025-05-29 21:00:00,0.00016811631124373147,0.0,0.00044457216350649796,0.0,
2025-05-29 22:00:00,-0.0001584910812103136,-4.912444470066382e-05,-0.0004394383693336947,0.0,
2025-05-29 23:00:00,-2.8293586553948063e-05,0.0,0.0,0.0,
2025-05-30 00:00:00,0.00010278757786885424,0.0,0.0,0.0,
2025-05-30 01:00:00,-0.0002719342817498317,2.639387180302583e-05,0.0,0.0003876012463993964,
2025-05-30 02:00:00,-2.8407429163605997e-05,0.0,0.0,0.0,
2025-05-30 03:00:00,0.0,0.0,0.0,0.0,
2025-05-30 04:00:00,0.0,0.0,0.0,0.0,
2025-05-30 05:00:00,0.0,3.243868842165376e-05,0.0,0.0,
2025-05-30 06:00:00,0.0,0.0,0.0,0.0,
2025-05-30 07:00:00,6.243928253364563e-06,-6.4456375617180645e-06,0.0,0.0,
2025-05-30 08:00:00,0.0,0.0,0.0,0.0,
2025-05-30 09:00:00,0.0,1.999089804219679e-06,0.0,0.0,
2025-05-30 10:00:00,3.200151530315888e-05,0.0,0.0,0.0,
2025-05-30 11:00:00,-3.920766120764678e-05,0.0,0.0,0.0,
2025-05-30 12:00:00,0.0,0.0,0.0,0.0,
2025-05-30 13:00:00,6.814475640826154e-05,0.0,0.0,0.00039519247696694353,
2025-05-30 14:00:00,0.00034179234538740335,0.0,0.0,0.0,
2025-05-30 15:00:00,0.00010745449685842035,4.199661335752154e-06,0.00020962237125392793,-4.771252116903728e-05,
2025-05-30 16:00:00,4.583262228888945e-05,0.0,0.0,0.0,
2025-05-30 17:00:00,-7.833561768276243e-05,2.8448671111005492e-05,0.0,0.0,
2025-05-30 18:00:00,-0.0001583093496863207,0.0,0.0,-0.0006010856131636396,
2025-05-30 19:00:00,-1.2022959622289117e-05,-2.058042849380622e-05,0.0,0.0,
2025-05-30 20:00:00,0.0,0.0,0.00028419156273691527,0.0,
2025-05-30 21:00:00,0.0,-3.49312623312083e-05,0.00032253297661254506,0.0,
2025-05-30 22:00:00,0.0,-9.564460601174007e-05,0.0,0.0,
2025-05-30 23:00:00,0.0,-0.00011077635099249113,0.0,-0.00022923762179014625,
2025-05-31 00:00:00,-6.476232120030801e-05,0.0,0.0,0.0,
2025-05-31 01:00:00,0.00011036975471244804,-4.7461797809137044e-05,0.0,0.0,
2025-05-31 02:00:00,6.456837623512127e-05,0.0,0.0,0.0,
2025-05-31 03:00:00,0.0,0.0,0.0,0.0,
2025-05-31 04:00:00,7.653690939016499e-05,-0.00014781890124185106,0.0,0.0,
2025-05-31 05:00:00,-2.0905655932645768e-05,0.0,0.0,0.00011005890223023117,
2025-05-31 06:00:00,0.0,0.0,0.0,0.0,
2025-05-31 07:00:00,-2.5385594365661077e-05,-2.2300932245557023e-06,0.0,0.0,
2025-05-31 08:00:00,0.0,0.0,-3.253414442509749e-05,0.0,
2025-05-31 09:00:00,0.0,0.0,0.0,0.0,
2025-05-31 10:00:00,0.0,0.0,0.0,0.0,
2025-05-31 11:00:00,0.0,0.0,0.0,0.0,
2025-05-31 12:00:00,0.0,-3.2391460975007605e-05,0.0,0.0,
2025-05-31 13:00:00,0.0,-1.3820333762687682e-05,0.0,0.0,
2025-05-31 14:00:00,2.0500102936423393e-05,0.0,0.0,0.0,
2025-05-31 15:00:00,2.3869235328766722e-05,0.0003726153715014819,0.0,-0.00011606305565345879,
2025-05-31 16:00:00,0.0,8.801658224228893e-05,0.0,0.0,
2025-05-31 17:00:00,-9.117272551315383e-05,0.0,0.0,-0.00026917190803413916,
2025-05-31 18:00:00,-4.549610207447461e-05,0.0,0.0,0.0,
2025-05-31 19:00:00,0.0,0.0,0.0,0.0,
2025-05-31 20:00:00,0.0,0.0,0.0,0.0,
2025-05-31 21:00:00,0.0,0.0,0.0,0.0,
2025-05-31 22:00:00,0.0,0.0,0.0,0.0,
2025-05-31 23:00:00,0.0,-2.5885389947857582e-06,0.0,0.0,
2025-06-01 00:00:00,0.0,0.0,0.0,0.0,
2025-06-01 01:00:00,0.0,0.0,0.0,0.0,
2025-06-01 02:00:00,0.0,5.395083908277294e-06,0.0,0.0,
2025-06-01 03:00:00,0.0,0.0,0.0,0.0,
2025-06-01 04:00:00,0.0,7.54007963605914e-05,0.0,0.0,
2025-06-01 05:00:00,-4.447659790899676e-05,0.0,0.0,0.0,
2025-06-01 06:00:00,-1.430538644642639e-05,0.0,0.0,0.0,
2025-06-01 07:00:00,0.0,0.0,0.0,0.0,
2025-06-01 08:00:00,0.0,0.0,0.0,0.0,
2025-06-01 09:00:00,0.0,0.0,0.0,0.0,
2025-06-01 10:00:00,2.5022633387405515e-06,0.0,0.0,0.0,
2025-06-01 11:00:00,0.0,0.0,0.0,0.0,
2025-06-01 12:00:00,-5.773692125188832e-06,0.0,0.0,0.0,
2025-06-01 13:00:00,-7.27851931853197e-05,0.0,0.0,0.0,
2025-06-01 14:00:00,-2.7245684362411468e-05,0.0,0.0,0.0,
2025-06-01 15:00:00,0.0,0.0,0.0,0.0,
2025-06-01 16:00:00,0.0,0.0,0.0,0.0,
2025-06-01 17:00:00,0.0,0.0,0.0,0.0,
2025-06-01 18:00:00,0.0,0.0,0.0,0.0,
2025-06-01 19:00:00,0.0,0.0,0.0,0.0,
2025-06-01 20:00:00,2.209238568838864e-07,0.0,0.0,0.0,
2025-06-01 21:00:00,0.0,0.0,0.0,0.0,
2025-06-01 22:00:00,-1.2907264731518419e-07,0.0,0.0,0.0,
2025-06-01 23:00:00,0.0,0.0,0.0,0.0,
2025-06-02 00:00:00,0.0,0.0,0.0,0.0,
2025-06-02 01:00:00,0.0,0.0,0.0,0.0,
2025-06-02 02:00:00,0.0,0.0,0.0,0.0,
2025-06-02 03:00:00,0.0,0.0,0.0,0.0,
2025-06-02 04:00:00,0.0,0.0,0.0,0.0,
2025-06-02 05:00:00,0.0,0.0,0.0,0.0,
2025-06-02 06:00:00,0.0,0.0,0.0,0.0,
2025-06-02 07:00:00,0.0,0.0,0.0,0.0,
2025-06-02 08:00:00,0.0,0.0,0.0,0.0,
2025-06-02 09:00:00,7.117146347952742e-05,0.0,0.0,0.0,
2025-06-02 10:00:00,0.0,0.0,0.0,0.0,
2025-06-02 11:00:00,-9.517762652374018e-07,0.0,0.0,-1.2603421537610281e-05,
2025-06-02 12:00:00,0.0,0.0,0.0,0.0,
2025-06-02 13:00:00,0.0,0.0,0.0,0.0,
2025-06-02 14:00:00,-2.2015776292251688e-05,6.212435758314894e-06,0.0,0.0,
2025-06-02 15:00:00,0.0,0.0,0.0,0.0,
2025-06-02 16:00:00,0.0,0.0,0.0,0.0,
2025-06-02 17:00:00,-7.537672240330591e-06,0.0,0.0,0.0,
2025-06-02 18:00:00,1.5315272270035824e-06,0.0,0.0,0.0,
2025-06-02 19:00:00,0.0,-9.663340146802387e-05,0.0,0.0,
2025-06-02 20:00:00,0.0,0.0001330701159811038,0.0,0.0,
2025-06-02 21:00:00,1.1466985469250057e-05,-4.881885701332902e-05,0.0,0.0,
2025-06-02 22:00:00,0.0,0.0,0.0,0.0,
2025-06-02 23:00:00,-3.3537864357101065e-05,0.0,0.0,0.00010389931074727426,
2025-06-03 00:00:00,0.00013083882101603352,0.0,0.0,-0.0002009881504250725,
2025-06-03 01:00:00,0.0,0.0,0.0,0.0,
2025-06-03 02:00:00,-0.00014858977735757756,0.0,0.0004586659794791195,0.0,
2025-06-03 03:00:00,-1.1360717046836783e-05,1.1554722890952039e-05,-6.712630661010183e-05,0.0,
2025-06-03 04:00:00,0.0,1.7357649932737196e-05,0.0,0.0,
2025-06-03 05:00:00,0.0,0.0,0.0,0.0,
2025-06-03 06:00:00,0.0,0.0,0.0,0.0,
2025-06-03 07:00:00,0.0,0.0,0.0,0.0,
2025-06-03 08:00:00,5.6072648709193555e-05,0.0,0.0,0.0,
2025-06-03 09:00:00,0.0,0.0,0.0,0.0,
2025-06-03 10:00:00,0.0,0.0,0.0,0.0,
2025-06-03 11:00:00,0.0,0.0,0.0,-3.6957101950790785e-05,
2025-06-03 12:00:00,0.0,0.0,0.0,0.0,
2025-06-03 13:00:00,0.0,0.0,0.0,0.0,
2025-06-03 14:00:00,1.6874499622669444e-05,0.0,0.0,-0.002536858243621044,
2025-06-03 15:00:00,-2.3189316119646838e-05,-1.0619330956468658e-05,0.0,0.0010410055445098751,
2025-06-03 16:00:00,0.0,0.0,0.0,0.0,
2025-06-03 17:00:00,7.210046915247879e-06,0.0,0.0,0.0,
2025-06-03 18:00:00,-7.1760230706448526e-06,-1.763802797138461e-06,0.0,0.0,
2025-06-03 19:00:00,0.0,0.0,0.0,0.0,
2025-06-03 20:00:00,0.0,0.0,0.0,0.0,
2025-06-03 21:00:00,0.00018922618222351058,0.0,0.0,0.0,
2025-06-03 22:00:00,-2.7219455831339947e-05,-1.9758550009851848e-05,0.0,0.0,
2025-06-03 23:00:00,-0.00010298970203975868,0.0,0.0,0.0,
2025-06-04 00:00:00,2.051782663300595e-05,0.0,0.0,0.0,
2025-06-04 01:00:00,0.0,0.0,0.0,0.0,
2025-06-04 02:00:00,0.0,0.0,0.0,0.0,
2025-06-04 03:00:00,-2.8801077931978364e-06,1.5201159971682857e-05,0.0,0.0,
2025-06-04 04:00:00,0.0,-9.023587324625423e-06,0.0,0.0,
2025-06-04 05:00:00,-2.1682365267996066e-05,0.0,0.0,0.0,
2025-06-04 06:00:00,0.0,0.0,0.0,0.0,
2025-06-04 07:00:00,-4.831165867430253e-06,0.0,0.0,0.0,
2025-06-04 08:00:00,0.0,0.0,0.0,0.0,
2025-06-04 09:00:00,0.0,0.0,0.0,0.0,
2025-06-04 10:00:00,0.0,0.0,0.0,0.0,
2025-06-04 11:00:00,0.0,0.0,0.0,0.0,
2025-06-04 12:00:00,0.0,0.0,0.0,0.0,
2025-06-04 13:00:00,0.0,0.0,0.0,0.0,
2025-06-04 14:00:00,0.0,0.0,0.0,0.0,
2025-06-04 15:00:00,0.0,0.0,0.0,0.0,
2025-06-04 16:00:00,0.0,0.0,0.0,0.0,
2025-06-04 17:00:00,0.0,0.0,0.0,0.0,
2025-06-04 18:00:00,0.0,0.0,0.0,-0.0001285934064981564,
2025-06-04 19:00:00,4.707661421351404e-05,0.0,0.0,0.0,
2025-06-04 20:00:00,0.0,0.0,0.0,0.0,
2025-06-04 21:00:00,0.0,-1.3359322618657455e-05,0.0,-3.485962480230124e-05,
2025-06-04 22:00:00,0.0,0.0,0.0,-0.00019531848344330675,
2025-06-04 23:00:00,0.0,0.0,0.0,0.0,
2025-06-05 00:00:00,7.234749974122429e-05,0.0,0.0,0.0001410719259871873,
2025-06-05 01:00:00,-2.48800380837204e-05,-2.1608366297672385e-06,0.0,0.0,
2025-06-05 02:00:00,0.0,0.0,0.0,-0.00011905311847434142,
2025-06-05 03:00:00,-3.714908415691536e-07,0.0,0.0,0.0,
2025-06-05 04:00:00,0.0,0.0,0.0,0.0,
2025-06-05 05:00:00,0.0,0.0,0.0,0.0,
2025-06-05 06:00:00,1.6879560516203465e-05,0.0,0.0,0.0,
2025-06-05 07:00:00,0.0,0.0,0.0,0.0,
2025-06-05 08:00:00,-1.3443955574327084e-05,0.0,0.0,0.0,
2025-06-05 09:00:00,1.7959067857237084e-05,0.0,0.0,0.0,
2025-06-05 10:00:00,3.760783855001888e-05,0.0,0.0,-5.928125501118171e-05,
2025-06-05 11:00:00,4.3840198128999235e-06,0.0,0.0,0.0,
2025-06-05 12:00:00,0.0,0.0,0.0,0.0,
2025-06-05 13:00:00,4.063012829592767e-05,0.0,0.0,-0.0013424141429739154,
2025-06-05 14:00:00,-2.284465142818442e-05,0.0,0.0,9.274306840766484e-05,
2025-06-05 15:00:00,0.0,0.0,0.0,5.9055388913872064e-05,
2025-06-05 16:00:00,0.0,0.0,0.0,0.0,
2025-06-05 17:00:00,-1.2276306509944598e-05,0.0,0.0,5.753376476515883e-05,
2025-06-05 18:00:00,0.0,0.0,0.0,0.0,
2025-06-05 19:00:00,0.0,0.0,0.0,0.0,
2025-06-05 20:00:00,0.0,0.0,0.0,0.0,
2025-06-05 21:00:00,-0.0001094713606373713,0.0002977299919848816,-0.0011270063078574262,0.0,
2025-06-05 22:00:00,0.0,4.7524823652543124e-06,0.0,0.0,
2025-06-05 23:00:00,6.6903797792125044e-06,0.0,0.0,5.4460113030724954e-05,
2025-06-06 00:00:00,-3.604954630480792e-05,6.043771450660183e-05,0.0,0.0,
2025-06-06 01:00:00,0.0,0.0,0.0,0.0,
2025-06-06 02:00:00,0.0,0.0,0.0,0.0,
2025-06-06 03:00:00,0.0,0.0,0.0,0.0,
2025-06-06 04:00:00,0.0,0.0,0.0,0.0,
2025-06-06 05:00:00,0.0,0.0,0.0,0.0,
2025-06-06 06:00:00,0.0,0.0,0.0,0.0,
2025-06-06 07:00:00,9.813901743470773e-06,0.0,0.0,0.0,
2025-06-06 08:00:00,0.0,0.0,0.0,0.0,
2025-06-06 09:00:00,0.0,0.0,0.0,0.0,
2025-06-06 10:00:00,0.0,0.0,0.0,0.0,
2025-06-06 11:00:00,0.0,0.0,0.0,0.0,
2025-06-06 12:00:00,-9.276216259924699e-05,0.0,0.0,0.0,
2025-06-06 13:00:00,3.213681298646604e-05,0.0,0.0,0.0,
2025-06-06 14:00:00,6.058328885416358e-05,0.0,0.0,-7.872538600862832e-05,
2025-06-06 15:00:00,-9.355810073372654e-06,0.0,0.0,0.0,
2025-06-06 16:00:00,0.0,0.0,0.0,0.0,
2025-06-06 17:00:00,4.7912566189688156e-05,0.0,0.0,0.0,
2025-06-06 18:00:00,0.0,0.0,0.0,0.0,
2025-06-06 19:00:00,0.0,0.0,0.0,0.0,
2025-06-06 20:00:00,0.0,0.0,0.0,0.0,
2025-06-06 21:00:00,0.0,0.0,0.0,0.0,
2025-06-06 22:00:00,0.0,0.0,0.0,0.0,
2025-06-06 23:00:00,0.0,0.0,0.0,0.0,
2025-06-07 00:00:00,0.0,1.2531324126091597e-05,0.0,0.0,
2025-06-07 01:00:00,0.0,0.0,0.0,0.0,
2025-06-07 02:00:00,0.0,0.0,0.0,0.0,
2025-06-07 03:00:00,0.0,0.0,0.0,0.0,
2025-06-07 04:00:00,0.0,0.0,0.0,0.0,
2025-06-07 05:00:00,0.0,0.0,0.0,0.0,
2025-06-07 06:00:00,-0.00010269433371220363,2.419642847114662e-05,0.0,0.0,
2025-06-07 07:00:00,-2.4531157238768497e-05,0.0,0.0,0.0,
2025-06-07 08:00:00,1.0594774133918356e-05,0.0,0.0,-0.00014794079725203785,
2025-06-07 09:00:00,0.0,0.0,0.0,0.0,
2025-06-07 10:00:00,0.0,0.0,0.0,0.0,
2025-06-07 11:00:00,0.0,0.0,0.0,0.0,
2025-06-07 12:00:00,0.0,0.0,0.0,0.0,
2025-06-07 13:00:00,4.143605784435097e-05,0.0,0.0,0.0,
2025-06-07 14:00:00,-2.893690994223544e-05,0.0,0.0,0.0,
2025-06-07 15:00:00,0.0,0.0,0.0,-9.011265782993661e-07,
2025-06-07 16:00:00,0.0,0.0,0.0,0.0,
2025-06-07 17:00:00,0.0,0.0,0.0,0.0,
2025-06-07 18:00:00,-2.883137177743608e-05,0.0,0.0,-0.0001556456024264718,
2025-06-07 19:00:00,0.0,0.0,0.0,0.0,
2025-06-07 20:00:00,0.0,0.0,0.0,0.0,
2025-06-07 21:00:00,0.0,0.0,0.0,0.0,
2025-06-07 22:00:00,0.0,0.0,0.0,0.0,
2025-06-07 23:00:00,0.0,0.0,0.0,0.0,
2025-06-08 00:00:00,0.0,0.0,0.0,0.0,
2025-06-08 01:00:00,0.0,0.0,0.0,0.00020557842346069133,
2025-06-08 02:00:00,-4.66997705283919e-05,0.0,0.0,0.0,
2025-06-08 03:00:00,-9.372035869436625e-06,0.0,0.0,0.0,
2025-06-08 04:00:00,0.0,0.0,0.0,0.0,
2025-06-08 05:00:00,0.0,0.0,0.0,0.0,
2025-06-08 06:00:00,0.0,0.0,0.0,0.0,
2025-06-08 07:00:00,2.608618403653731e-05,0.0,0.0,0.0,
2025-06-08 08:00:00,0.0,0.0,0.0,0.0,
2025-06-08 09:00:00,0.0,0.0,0.0,0.0,
2025-06-08 10:00:00,0.0,0.0,0.0,0.0,
2025-06-08 11:00:00,0.0,0.0,0.0,0.0,
2025-06-08 12:00:00,-4.065001712211991e-05,0.0,0.0,0.0,
2025-06-08 13:00:00,0.0,0.0,0.0,0.0,
2025-06-08 14:00:00,1.036400917874141e-06,6.892604668262828e-06,0.0,0.0,
2025-06-08 15:00:00,0.0,0.0,0.0,0.0,
2025-06-08 16:00:00,3.1117509997781555e-05,0.0,0.0,0.0,
2025-06-08 17:00:00,-4.836252278771143e-06,0.0,0.0,0.0,
2025-06-08 18:00:00,0.0,1.0423791991124016e-05,0.0,6.379271942859286e-06,
2025-06-08 19:00:00,0.0,0.0,0.0,0.0,
2025-06-08 20:00:00,-3.160532598813685e-06,0.0,0.0,0.0,
2025-06-08 21:00:00,0.0,-3.953254257644875e-06,0.0,0.0,
2025-06-08 22:00:00,0.0,0.0,0.0,0.0,
2025-06-08 23:00:00,0.0,0.0,0.0,0.0,
2025-06-09 00:00:00,0.0,0.0,0.0,0.0,
2025-06-09 01:00:00,0.0,0.0,0.0,0.0,
2025-06-09 02:00:00,0.0,0.0,0.0,0.0,
2025-06-09 03:00:00,0.0,0.0,0.0,0.0,
2025-06-09 04:00:00,0.0,0.0,0.0,0.0,
2025-06-09 05:00:00,0.0,2.4174424439222632e-05,0.0,0.0,
2025-06-09 06:00:00,0.0,0.0,0.0,0.0,
2025-06-09 07:00:00,0.0,0.0,0.0,0.0,
2025-06-09 08:00:00,0.0,0.0,0.0,0.0,
2025-06-09 09:00:00,0.0,0.0,0.0,0.0,
2025-06-09 10:00:00,0.0,0.0,0.0,-0.00024117950014648543,
2025-06-09 11:00:00,0.0,-2.563516981000114e-05,0.0,0.0,
2025-06-09 12:00:00,0.0,0.0,0.0,-2.2591074598558285e-05,
2025-06-09 13:00:00,2.2426361997245453e-06,0.00013042584693868331,0.0,0.0,
2025-06-09 14:00:00,-0.00012279234700569188,0.0001071392494245578,0.0,0.0,
2025-06-09 15:00:00,0.0,0.0,0.0,-0.0002723648437859723,
2025-06-09 16:00:00,5.033375187738889e-06,0.0,0.0,-0.00034711827936632385,
2025-06-09 17:00:00,4.7759679847114566e-05,0.0,0.0,-0.0010055731328666292,
2025-06-09 18:00:00,0.0,-1.5039604664316348e-05,0.0,-0.0003005177302184449,
2025-06-09 19:00:00,-2.8263193031458748e-05,-3.6155352564076426e-05,0.0,7.084888628572428e-05,
2025-06-09 20:00:00,0.0,0.0,0.0,0.0,
2025-06-09 21:00:00,0.0,0.0,0.0,0.0,
2025-06-09 22:00:00,1.3220977177579085e-05,0.0,0.0,0.0,
2025-06-09 23:00:00,0.0,3.4372393746762634e-05,0.0,-0.0013787933932486963,
2025-06-10 00:00:00,1.6769425471848825e-05,2.5821909614872335e-05,0.0,-0.00017463630870910048,
2025-06-10 01:00:00,-1.2071326361562585e-05,0.0,-0.00028200643168249374,0.0,
2025-06-10 02:00:00,0.0,0.0,0.0,0.00019931875892711178,
2025-06-10 03:00:00,0.0,0.0,0.0,0.0,
2025-06-10 04:00:00,0.0,0.0,0.0,0.0004189612231737108,
2025-06-10 05:00:00,0.0,0.0,0.0,-4.081562741823348e-05,
2025-06-10 06:00:00,0.0,2.3805320018891798e-05,0.0,0.0,
2025-06-10 07:00:00,7.768669541347307e-06,0.0,0.0,9.99336114564976e-05,
2025-06-10 08:00:00,0.0,0.0,0.0,0.0,
2025-06-10 09:00:00,0.0,0.0,0.0,0.0,
2025-06-10 10:00:00,0.0,0.0,0.0,-0.00078762759836388,
2025-06-10 11:00:00,0.0,0.0,0.0,0.0016916898176634245,
2025-06-10 12:00:00,1.1789841430290097e-05,0.0,0.0,0.0,
2025-06-10 13:00:00,0.0,0.0,0.0,-0.0009066457853650536,
2025-06-10 14:00:00,0.0,0.0,0.0,0.0,
2025-06-10 15:00:00,2.883694808895521e-06,-0.0001439558645668361,0.0,0.0,
2025-06-10 16:00:00,-8.108605236212567e-06,0.00014080448053556516,0.0,0.0,
2025-06-10 17:00:00,0.0,0.0,0.0,0.0001464033087777262,
2025-06-10 18:00:00,0.0,0.0,0.0,0.0,
2025-06-10 19:00:00,-2.915832403133432e-05,-2.4016584479273796e-05,0.0,0.0,
2025-06-10 20:00:00,7.89183171885776e-05,-6.244962949098765e-05,0.0,0.00032534528411097346,
2025-06-10 21:00:00,-4.9662892875765226e-05,0.00034855473483280696,0.0,0.0,
2025-06-10 22:00:00,5.535381529588749e-05,0.0,0.0,0.00033323535732611404,
2025-06-10 23:00:00,7.167500692211571e-06,3.201868891169642e-06,0.0,0.0,
2025-06-11 00:00:00,0.0,-3.776119427464193e-05,0.0,0.0,
2025-06-11 01:00:00,-6.962371485042843e-07,0.0,-0.0005264327257237728,0.0,
2025-06-11 02:00:00,5.1346688743690796e-05,7.2751300216612875e-06,0.0,0.0,
2025-06-11 03:00:00,0.0,0.0,0.0,0.0,
2025-06-11 04:00:00,-3.255544061582316e-05,0.0,0.0,0.0,
2025-06-11 05:00:00,-2.699809802667885e-06,0.0,0.0,0.0,
2025-06-11 06:00:00,0.0,0.0,0.0,2.889263120989823e-05,
2025-06-11 07:00:00,1.2498923794128399e-05,0.0,0.0,0.0,
2025-06-11 08:00:00,0.0,0.0,0.0,0.0,
2025-06-11 09:00:00,0.0,0.0,0.0,-0.0001082832239057403,
2025-06-11 10:00:00,0.0,-1.2774243393651815e-05,0.0,0.0,
2025-06-11 11:00:00,-3.203096676934433e-05,5.653916258073992e-06,0.0,0.0,
2025-06-11 12:00:00,2.5425935113767295e-05,0.0,0.0,0.0006184901669893916,
2025-06-11 13:00:00,-0.0003121051541996267,5.9002515243131135e-05,0.0,0.000649180333551769,
2025-06-11 14:00:00,0.0003579119567924927,0.0,0.0,0.0002978369332079396,
2025-06-11 15:00:00,-6.201949385543817e-05,-6.872776571030611e-05,0.0006020695646648331,-2.3364155269719776e-05,
2025-06-11 16:00:00,-8.323244765088521e-05,-8.356424550024878e-05,0.000697725372836532,-0.00015946471216652405,
2025-06-11 17:00:00,0.0,0.0,0.001015002338189366,0.00099320983972629,
2025-06-11 18:00:00,0.0,0.0,0.0,0.0,
2025-06-11 19:00:00,-5.861172756942201e-06,3.6362825401099965e-06,0.0004147751253765616,0.00032514854555673394,
2025-06-11 20:00:00,0.0,0.0,0.0,5.936451076159037e-05,
2025-06-11 21:00:00,0.0,5.968931434265475e-05,0.0,0.0006414242438293463,
2025-06-11 22:00:00,0.0002127173245516784,6.696561762096927e-05,0.0,0.0,
2025-06-11 23:00:00,0.0,0.0,0.0,0.0,
2025-06-12 00:00:00,-2.0549437994013968e-05,0.0,0.0,0.0,
2025-06-12 01:00:00,0.0,0.0,0.0,0.0,
2025-06-12 02:00:00,0.0,-1.9976773845548744e-06,0.0,0.0,
2025-06-12 03:00:00,0.0,0.0,0.0,0.0,
2025-06-12 04:00:00,0.0,3.3874358384120735e-05,-0.00012313495205678953,3.2978446660368626e-05,
2025-06-12 05:00:00,-5.807933257700926e-06,0.0,5.497699177785443e-05,0.0,
2025-06-12 06:00:00,-7.622565377336952e-05,0.0,0.0,-0.0006452895549597065,
2025-06-12 07:00:00,2.5665952403906932e-05,0.0,0.0,0.0006459404238775629,
2025-06-12 08:00:00,-6.008105869613309e-06,0.0,0.0,0.0,
2025-06-12 09:00:00,0.0,-3.5571542578978172e-06,0.0,0.0,
2025-06-12 10:00:00,4.164811548882264e-06,0.0,0.0,0.0,
2025-06-12 11:00:00,1.2766166816237543e-05,0.0,0.0,0.0,
2025-06-12 12:00:00,0.0,0.0,0.0,0.0,
2025-06-12 13:00:00,-3.125305485544068e-06,-1.8815662486759473e-05,0.0,0.0,
2025-06-12 14:00:00,0.0,0.0,0.0,0.0,
2025-06-12 15:00:00,0.0,0.00020847077802694768,0.0,-0.00252388593644959,
2025-06-12 16:00:00,0.0,0.0,0.0,9.177033085942948e-05,
2025-06-12 17:00:00,0.0,0.0,0.0,0.0,
2025-06-12 18:00:00,-0.00014663569116448165,0.0,0.0,0.0009060938741411641,
2025-06-12 19:00:00,0.0,0.0,0.0,0.0,
2025-06-12 20:00:00,-6.361573773348855e-05,-0.0002450125048727122,0.0,-0.00013276213599095705,
2025-06-12 21:00:00,-4.709640286072475e-05,0.0,0.0,7.579725712758446e-05,
2025-06-12 22:00:00,0.0,0.0,0.0,0.0005464849453432108,
2025-06-12 23:00:00,0.0,0.0,0.0,0.0,
2025-06-13 00:00:00,8.78658132314776e-05,0.0,0.0,0.0,
2025-06-13 01:00:00,8.757845493061885e-05,4.876221335455771e-06,0.0,0.0,
2025-06-13 02:00:00,-0.00011246831592530724,-6.164377254493032e-05,0.0,0.0,
2025-06-13 03:00:00,-0.0005590358150136877,0.0,0.0,0.0008857058333351472,
2025-06-13 04:00:00,9.092068734650642e-05,-4.374945442204577e-05,0.0,0.0,
2025-06-13 05:00:00,1.6202253946501162e-05,0.0,0.0,5.59233629053664e-05,
2025-06-13 06:00:00,0.0,0.0,0.0,0.0,
2025-06-13 07:00:00,2.6919698770122312e-05,0.0,0.0,0.0,
2025-06-13 08:00:00,0.0,0.0,0.0,0.0,
2025-06-13 09:00:00,8.156212473050657e-05,-8.250253845214321e-06,0.0,0.0,
2025-06-13 10:00:00,-9.318778807090125e-06,0.0,0.0,0.0,
2025-06-13 11:00:00,0.0,0.0,0.0,-4.8079479353706676e-05,
2025-06-13 12:00:00,0.0,0.0,0.0,0.0,
2025-06-13 13:00:00,0.0,0.0,0.0,0.0,
2025-06-13 14:00:00,6.47500071553925e-05,8.906863272174708e-06,0.0,0.0011799497809490422,
2025-06-13 15:00:00,5.654446626406899e-05,0.0,0.0,0.0,
2025-06-13 16:00:00,0.00014032424827289066,6.750360458012802e-05,0.0,0.0,
2025-06-13 17:00:00,-3.2199222749267376e-05,-6.549494349398111e-05,0.0,0.0,
2025-06-13 18:00:00,0.0,0.0,0.0,0.0,
2025-06-13 19:00:00,3.8580816833766486e-05,4.742475944767797e-05,0.0,0.0,
2025-06-13 20:00:00,0.00010122016249320106,0.0,0.0,0.0,
2025-06-13 21:00:00,9.457888339716789e-06,0.0,0.0,6.462718896934076e-05,
2025-06-13 22:00:00,-9.81870059235837e-06,0.0,0.0,0.0,
2025-06-13 23:00:00,-4.0792450396825887e-07,3.618975588964767e-05,0.0,-9.408131315609757e-05,
2025-06-14 00:00:00,3.707219673385285e-05,0.0,0.0,0.0,
2025-06-14 01:00:00,0.0001091380568026212,0.0,0.0,-0.0002710383547229931,
2025-06-14 02:00:00,0.0,0.0,0.0,0.0,
2025-06-14 03:00:00,5.751964409860313e-05,0.0,0.0,0.0,
2025-06-14 04:00:00,0.0,0.0,0.0,0.0,
2025-06-14 05:00:00,-7.276962213777725e-06,0.0,0.0,0.0,
2025-06-14 06:00:00,0.0,0.0,0.0,0.0,
2025-06-14 07:00:00,0.0,0.0,0.0,0.0,
2025-06-14 08:00:00,0.0,0.0,0.0,0.0,
2025-06-14 09:00:00,0.0,0.0,0.0,0.0,
2025-06-14 10:00:00,0.0,0.0,0.0,0.0,
2025-06-14 11:00:00,0.0,0.0,0.0,0.0,
2025-06-14 12:00:00,0.0,0.0,0.0,0.0,
2025-06-14 13:00:00,-6.18854320891058e-07,0.0,0.0,6.920041461803706e-05,
2025-06-14 14:00:00,-2.90103004894915e-06,-7.765723404172656e-06,0.0,0.0,
2025-06-14 15:00:00,0.0,0.0,0.0,0.0,
2025-06-14 16:00:00,0.0,0.0,0.0,0.0,
2025-06-14 17:00:00,-5.616574637489861e-05,0.0,0.0,0.0,
2025-06-14 18:00:00,-2.6190381245048218e-05,0.0,0.0,-2.4083445880293946e-05,
2025-06-14 19:00:00,3.960578337233414e-05,0.0,0.0,0.0,
2025-06-14 20:00:00,0.0,0.0,0.0,0.0,
2025-06-14 21:00:00,0.0,0.0,0.0,0.0,
2025-06-14 22:00:00,4.9354643204622426e-06,0.0,0.0,0.0,
2025-06-14 23:00:00,0.0,-1.7386374423124826e-06,0.0,0.0,
2025-06-15 00:00:00,-1.0930704795120847e-05,0.0,0.0,0.00018177486511211522,
2025-06-15 01:00:00,0.0,-4.3755642510181364e-07,0.0,0.0007465191797177456,
2025-06-15 02:00:00,0.0,0.0,0.0,0.0,
2025-06-15 03:00:00,0.0,0.0,0.0,0.0,
2025-06-15 04:00:00,0.0,0.0,0.0,0.0,
2025-06-15 05:00:00,0.0,0.0,0.0,0.0,
2025-06-15 06:00:00,0.0,0.0,0.0,0.0,
2025-06-15 07:00:00,0.0,0.0,0.0,0.0,
2025-06-15 08:00:00,0.0,0.0,0.0,0.0,
2025-06-15 09:00:00,0.0,0.0,0.0,0.0,
2025-06-15 10:00:00,0.0,0.0,0.0,0.0,
2025-06-15 11:00:00,-4.810139939211291e-06,0.0,0.0,0.0,
2025-06-15 12:00:00,0.0,0.0,0.0,0.0,
2025-06-15 13:00:00,0.0,0.0,0.0,0.0,
2025-06-15 14:00:00,0.0,0.0,0.0,0.0,
2025-06-15 15:00:00,0.0,0.0,0.0,0.0,
2025-06-15 16:00:00,0.0,-1.5396838075917542e-06,0.0,0.0,
2025-06-15 17:00:00,0.0,0.0,0.0,0.0,
2025-06-15 18:00:00,0.0,0.0,0.0,0.0,
2025-06-15 19:00:00,0.0,0.0,0.0,6.0652738340362e-05,
2025-06-15 20:00:00,0.0,0.0,0.0,0.0,
2025-06-15 21:00:00,0.0,1.2608526152014186e-07,0.0,0.0,
2025-06-15 22:00:00,-1.2525673329277725e-05,0.0,0.0,0.00019461869080108476,
2025-06-15 23:00:00,0.0,0.0,0.0,0.0,
2025-06-16 00:00:00,0.0,0.0,0.0,0.0,
2025-06-16 01:00:00,2.6693610113171166e-05,0.0,0.0,0.0,
2025-06-16 02:00:00,-5.684569483112104e-06,0.0,0.0,0.0,
2025-06-16 03:00:00,0.0,0.0,0.0,0.0,
2025-06-16 04:00:00,3.6785316405459986e-05,0.0,0.0,0.0,
2025-06-16 05:00:00,0.0,0.0,0.0,0.0,
2025-06-16 06:00:00,1.5354920045202783e-05,0.0,0.0,-0.00017004901905186355,
2025-06-16 07:00:00,0.0,0.0,0.0,0.0,
2025-06-16 08:00:00,0.0,0.0,0.0,0.0,
2025-06-16 09:00:00,0.0,-1.6408931256409985e-06,0.0,0.0,
2025-06-16 10:00:00,0.0,0.0,0.0,0.0,
2025-06-16 11:00:00,0.0,0.0,0.0,0.0,
2025-06-16 12:00:00,0.0,0.0,0.0,0.0,
2025-06-16 13:00:00,0.0,0.0,0.0,0.0,
2025-06-16 14:00:00,0.0,0.0,0.0,0.0,
2025-06-16 15:00:00,0.0,0.0,0.0,0.0005329576685575503,
2025-06-16 16:00:00,0.0,0.0,0.0,8.367663335426675e-05,
2025-06-16 17:00:00,-9.071561015645503e-05,0.0,0.0,0.0,
2025-06-16 18:00:00,-0.00017356543879657181,0.0,0.0,0.0,
2025-06-16 19:00:00,0.0,0.0,0.0,0.0,
2025-06-16 20:00:00,-6.201947926804569e-06,0.0,0.0,0.0,
2025-06-16 21:00:00,-1.7434855734618165e-05,0.0,0.0,-0.000249366642515259,
2025-06-16 22:00:00,0.0,0.0,0.0,0.0,
2025-06-16 23:00:00,1.545048218414098e-05,9.201341907851951e-05,0.0,0.0,
2025-06-17 00:00:00,-4.604490056776188e-06,0.0,0.0,-0.0002810894704150645,
2025-06-17 01:00:00,0.0,0.0,0.0,0.0002592395720119109,
2025-06-17 02:00:00,0.0,0.0,0.0,0.0,
2025-06-17 03:00:00,0.0,0.0,0.0,0.0,
2025-06-17 04:00:00,0.0,-5.482918440474274e-06,0.0,0.0,
2025-06-17 05:00:00,0.0,0.0,0.0,0.0,
2025-06-17 06:00:00,0.0,0.0,0.0,0.0,
2025-06-17 07:00:00,0.0,0.0,0.0,0.0,
2025-06-17 08:00:00,-6.517755867965816e-05,0.0,0.0,0.0,
2025-06-17 09:00:00,0.0,0.0,0.0,0.0,
2025-06-17 10:00:00,0.0,-1.255795353345271e-06,0.0,0.0,
2025-06-17 11:00:00,0.0,0.0,0.0,0.0,
2025-06-17 12:00:00,0.0,0.0,0.0,0.0,
2025-06-17 13:00:00,0.0,0.0,0.0,0.0,
2025-06-17 14:00:00,0.0,0.0,0.0,0.0,
2025-06-17 15:00:00,6.953374643118272e-05,0.0,0.0,0.0,
2025-06-17 16:00:00,-6.719639859510629e-05,0.0,0.0,0.0,
2025-06-17 17:00:00,0.0,0.0,0.0,0.0,
2025-06-17 18:00:00,-2.0067615393846704e-05,0.0,0.0,0.00041949902365199637,
2025-06-17 19:00:00,0.0,0.0,0.0,0.0,
2025-06-17 20:00:00,-1.2808914444252308e-05,0.0,0.0,0.0004964257541454583,
2025-06-17 21:00:00,6.317416661449751e-06,0.0,0.0,0.0,
2025-06-17 22:00:00,0.0,0.0,0.0,0.0,
2025-06-17 23:00:00,0.0,0.0,0.0,0.0,
2025-06-18 00:00:00,0.0,0.0,0.0,-5.444408285155743e-05,
2025-06-18 01:00:00,0.0,0.0,0.0,-3.8472430754346865e-05,
2025-06-18 02:00:00,0.0,0.0,0.0,0.0,
2025-06-18 03:00:00,0.0,0.0,0.0,0.0,
2025-06-18 04:00:00,1.857131783798265e-05,0.0,0.0,0.0,
2025-06-18 05:00:00,0.0,0.0,0.0,0.0,
2025-06-18 06:00:00,0.0,0.0,0.0,0.0,
2025-06-18 07:00:00,0.0,0.0,0.0,0.0,
2025-06-18 08:00:00,0.0,0.0,0.0,0.0,
2025-06-18 09:00:00,0.0,0.0,0.0,0.0,
2025-06-18 10:00:00,0.0,0.0,0.0,0.0,
2025-06-18 11:00:00,0.0,0.0,0.0,0.0,
2025-06-18 12:00:00,0.0,0.0,0.0,0.0,
2025-06-18 13:00:00,0.0,0.0,0.0,0.0,
2025-06-18 14:00:00,1.5775685614833692e-05,0.0,0.0,0.0,
2025-06-18 15:00:00,0.0,0.0,0.0,0.0,
2025-06-18 16:00:00,-4.154488517872377e-06,0.0,0.0,-8.855272211365163e-05,
2025-06-18 17:00:00,0.0,0.0,0.0,0.0,
2025-06-18 18:00:00,0.0,0.0,0.0,-0.00011222778267892682,
2025-06-18 19:00:00,0.0,-1.5204985148628432e-05,0.0,0.0,
2025-06-18 20:00:00,0.0,0.0,0.0,0.0,
2025-06-18 21:00:00,0.0,0.0,0.0,7.82168760527118e-06,
2025-06-18 22:00:00,0.0,0.0,0.0,0.0,
2025-06-18 23:00:00,0.0,0.0,0.0,0.0,
2025-06-19 00:00:00,1.9066061953829728e-06,0.0,0.0,0.0,
2025-06-19 01:00:00,0.0,0.0,0.0,0.0,
2025-06-19 02:00:00,0.0,0.0,0.0,0.0,
2025-06-19 03:00:00,0.0,0.0,0.0,0.0,
2025-06-19 04:00:00,0.0,0.0,0.0,-0.00028402773857589885,
2025-06-19 05:00:00,0.0,0.0,0.0,9.079369185920772e-05,
2025-06-19 06:00:00,0.0,0.0,0.0,0.0,
2025-06-19 07:00:00,0.0,6.889875052220501e-06,0.0,0.0,
2025-06-19 08:00:00,0.0,0.0,0.0,0.0,
2025-06-19 09:00:00,0.0,0.0,0.0,0.0,
2025-06-19 10:00:00,0.0,0.0,0.0,0.0,
2025-06-19 11:00:00,0.0,0.0,0.0,0.0,
2025-06-19 12:00:00,0.0,0.0,0.0,0.0,
2025-06-19 13:00:00,0.0,0.0,0.0,-0.00011036347581940166,
2025-06-19 14:00:00,0.0,0.0,0.0,0.0,
2025-06-19 15:00:00,0.0,0.0,0.0,0.0,
2025-06-19 16:00:00,0.0,0.0,0.0,0.0,
2025-06-19 17:00:00,0.0,-1.298707734888054e-05,0.0,0.0,
2025-06-19 18:00:00,0.0,0.0,0.0,0.0,
2025-06-19 19:00:00,0.0,0.0,0.0,0.0,
2025-06-19 20:00:00,0.0,0.0,0.0,1.4094164425737939e-05,
2025-06-19 21:00:00,0.0,-1.5986017368075096e-05,0.0,-2.1052525240666205e-05,
2025-06-19 22:00:00,0.0,0.0,0.0,0.0,
2025-06-19 23:00:00,0.0,0.0,0.0,0.0,
2025-06-20 00:00:00,0.0,1.902320859104903e-05,0.0,0.0,
2025-06-20 01:00:00,0.0,0.0,0.0,0.0,
2025-06-20 02:00:00,1.6085190906033745e-05,0.0,0.0,0.0,
2025-06-20 03:00:00,0.0,0.0,0.0,0.0,
2025-06-20 04:00:00,0.0,0.0,0.0,0.0,
2025-06-20 05:00:00,0.0,0.0,0.0,0.0,
2025-06-20 06:00:00,0.0,0.0,0.0,0.0,
2025-06-20 07:00:00,0.0,0.0,0.0,-8.910115498614313e-05,
2025-06-20 08:00:00,0.0,0.0,0.0,0.0,
2025-06-20 09:00:00,2.2974564998685407e-06,0.0,0.0,0.0,
2025-06-20 10:00:00,0.0,0.0,0.0,0.0,
2025-06-20 11:00:00,0.0,0.0,0.0,0.0,
2025-06-20 12:00:00,0.0,0.0,0.0,0.0,
2025-06-20 13:00:00,0.0,0.0,0.0,0.0,
2025-06-20 14:00:00,0.0,0.0,0.0,0.0,
2025-06-20 15:00:00,2.0002372449497285e-05,0.0,0.0,0.0,
2025-06-20 16:00:00,0.0,0.0,0.0,0.0009725271073121838,
2025-06-20 17:00:00,1.5474057847733583e-05,0.0,0.0,0.0,
2025-06-20 18:00:00,0.0,0.0,0.0,0.0,
2025-06-20 19:00:00,0.0,0.0,0.0,0.0,
2025-06-20 20:00:00,0.0,0.0,0.0,0.0,
2025-06-20 21:00:00,0.0,0.0,0.0,0.0,
2025-06-20 22:00:00,0.0,0.0,0.0,0.0,
2025-06-20 23:00:00,0.0,0.0,0.0,0.0,
2025-06-21 00:00:00,0.0,0.0,0.0,0.0,
2025-06-21 01:00:00,0.0,-6.59491818352519e-06,0.0,0.0,
2025-06-21 02:00:00,0.0,0.0,0.0,0.0,
2025-06-21 03:00:00,0.0,0.0,0.0,0.0,
2025-06-21 04:00:00,0.0,0.0,0.0,0.0,
2025-06-21 05:00:00,0.0,0.0,0.0,0.0,
2025-06-21 06:00:00,0.0,0.0,0.0,0.0,
2025-06-21 07:00:00,0.0,0.0,0.0,0.0,
2025-06-21 08:00:00,0.0,0.0,0.0,0.0,
2025-06-21 09:00:00,0.0,0.0,0.0,0.0,
2025-06-21 10:00:00,0.0,0.0,0.0,0.0,
2025-06-21 11:00:00,0.0,0.0,0.0,0.0,
2025-06-21 12:00:00,0.0,0.0,0.0,0.0,
2025-06-21 13:00:00,0.0,0.0,0.0,0.0,
2025-06-21 14:00:00,0.0,0.0,0.0,0.0,
2025-06-21 15:00:00,0.0,0.0,0.0,0.0,
2025-06-21 16:00:00,0.0,0.0,0.0,0.0,
2025-06-21 17:00:00,4.8645973462395084e-05,0.0,0.0,0.0,
2025-06-21 18:00:00,0.0,0.0,0.0,-3.814684304640987e-05,
2025-06-21 19:00:00,0.0,0.0,0.0,5.682697413646706e-05,
2025-06-21 20:00:00,0.0,0.0,0.0,0.0,
2025-06-21 21:00:00,0.0,0.0,0.0,0.0,
2025-06-21 22:00:00,0.0,7.2849770186808e-06,0.0,0.0,
2025-06-21 23:00:00,0.0,0.0,0.0,0.0,
2025-06-22 00:00:00,0.0,-2.2714377080692237e-06,0.0,0.0,
2025-06-22 01:00:00,3.424145676068477e-06,0.0,0.0,0.0,
2025-06-22 02:00:00,0.0,-1.6205397713128952e-05,0.0,-3.1252606696485346e-05,
2025-06-22 03:00:00,0.0,1.0851695211600925e-06,0.0,0.0,
2025-06-22 04:00:00,0.0,0.0,0.0,0.0,
2025-06-22 05:00:00,0.0,0.0,0.0,0.0,
2025-06-22 06:00:00,0.0,0.0,0.0,0.0,
2025-06-22 07:00:00,0.0,0.0,0.0,0.0,
2025-06-22 08:00:00,0.0,0.0,0.0,0.0,
2025-06-22 09:00:00,0.0,0.0,0.0,0.0,
2025-06-22 10:00:00,0.0,0.0,0.0,0.0,
2025-06-22 11:00:00,0.0,0.0,0.0,0.0,
2025-06-22 12:00:00,0.0,0.0,0.0,0.0,
2025-06-22 13:00:00,0.0,7.643065104714084e-05,0.0,0.0001854549284430344,
2025-06-22 14:00:00,6.687570350385069e-05,6.582368045303154e-05,0.0,0.00010315978012464382,
2025-06-22 15:00:00,1.6034977949804863e-05,0.0,0.0,0.0,
2025-06-22 16:00:00,0.0,0.0,0.0,0.0,
2025-06-22 17:00:00,0.0,0.0,0.0,0.0,
2025-06-22 18:00:00,0.0,0.0,0.0,5.0781225865766656e-05,
2025-06-22 19:00:00,0.0,0.0,0.0,0.0,
2025-06-22 20:00:00,0.0,0.0,0.0,0.0,
2025-06-22 21:00:00,0.0,-2.8218958614368455e-06,0.0,0.0,
2025-06-22 22:00:00,0.0,0.0,0.0,0.0,
2025-06-22 23:00:00,0.0,0.0,0.0,0.0,
2025-06-23 00:00:00,-2.2350286475059387e-06,0.0,0.0,0.0,
2025-06-23 01:00:00,0.0,-6.779915990353551e-05,0.0,0.0,
2025-06-23 02:00:00,0.0,-9.742841162348846e-06,0.0,0.0,
2025-06-23 03:00:00,0.0,0.0,0.0,0.0,
2025-06-23 04:00:00,0.0,0.0,0.0,0.0,
2025-06-23 05:00:00,0.0,0.0,0.0,0.0,
2025-06-23 06:00:00,0.0,0.0,0.0,0.0,
2025-06-23 07:00:00,0.0,0.0,0.0,-0.00010719646279181241,
2025-06-23 08:00:00,0.0,-2.3583586809237197e-06,0.0,0.0,
2025-06-23 09:00:00,0.0,0.0,0.0,-6.177283306175844e-05,
2025-06-23 10:00:00,0.0,0.0,0.0,0.0,
2025-06-23 11:00:00,0.0,-1.0908799925253146e-06,0.0,4.3558696468496365e-05,
2025-06-23 12:00:00,0.0,0.0,0.0,0.0,
2025-06-23 13:00:00,-7.46782457592492e-06,0.0,0.0,-0.00021542785362271556,
2025-06-23 14:00:00,0.0,0.0,0.0,-0.00019400467161994386,
2025-06-23 15:00:00,0.0,0.0,0.0,0.0003035342245421593,
2025-06-23 16:00:00,3.472306316331288e-05,-5.904205585978295e-05,0.0,0.0,
2025-06-23 17:00:00,0.0,0.0,0.0,0.0010772564116622394,
2025-06-23 18:00:00,0.0,0.0,0.0,0.0,
2025-06-23 19:00:00,-6.072355276036151e-06,3.2378768736915937e-06,0.0,0.0,
2025-06-23 20:00:00,0.0,0.0,0.0,0.0,
2025-06-23 21:00:00,0.0,0.0,0.0,0.0,
2025-06-23 22:00:00,0.0,0.0,0.0,0.0011952289979438213,
2025-06-23 23:00:00,0.0,0.0,0.0,0.0,
2025-06-24 00:00:00,0.0,0.0,0.0,0.0,
2025-06-24 01:00:00,0.0,2.2400765164451674e-06,0.0,0.0,
2025-06-24 02:00:00,3.872697116698262e-05,0.0,0.0,0.0,
2025-06-24 03:00:00,0.0,0.0,0.0,0.0,
2025-06-24 04:00:00,0.0,0.0,0.0,0.0,
2025-06-24 05:00:00,0.0,0.0,0.0,0.0,
2025-06-24 06:00:00,0.0,0.0,0.0,0.0001859042761714159,
2025-06-24 07:00:00,0.0,0.0,0.0,0.0,
2025-06-24 08:00:00,0.0,0.0,0.0,0.0,
2025-06-24 09:00:00,0.0,0.0,0.0,0.0,
2025-06-24 10:00:00,0.0,0.0,0.0,0.0,
2025-06-24 11:00:00,0.0,0.0,0.0,0.0,
2025-06-24 12:00:00,0.0,0.0,0.0,0.0,
2025-06-24 13:00:00,0.0,6.177396429755497e-07,0.0,8.575258596473945e-05,
2025-06-24 14:00:00,0.0,0.0,0.0,0.0,
2025-06-24 15:00:00,0.0,0.0,0.0,0.0,
2025-06-24 16:00:00,0.0,0.0,0.0,0.0,
2025-06-24 17:00:00,0.0,7.83952360139274e-06,0.0,0.0,
2025-06-24 18:00:00,0.0,0.0,0.0,0.0002025582443079144,
2025-06-24 19:00:00,0.0,0.0,0.0,0.0,
2025-06-24 20:00:00,0.0,0.0,0.0,0.0,
2025-06-24 21:00:00,0.0,0.0,0.0,0.0,
2025-06-24 22:00:00,0.0,0.0,0.0,0.0,
2025-06-24 23:00:00,0.0,0.0,0.0,0.0,
2025-06-25 00:00:00,0.0,0.0,0.0,0.0,
2025-06-25 01:00:00,0.0,0.0,0.0,0.0,
2025-06-25 02:00:00,0.0,0.0,0.0,-0.00027342515401142237,
2025-06-25 03:00:00,3.5357903948321817e-06,0.0,0.0,0.0,
2025-06-25 04:00:00,0.0,0.0,0.0,0.0,
2025-06-25 05:00:00,0.0,0.0,0.0,0.0,
2025-06-25 06:00:00,0.0,0.0,0.0,0.0007285920599753129,
2025-06-25 07:00:00,0.0,0.0,0.0,-0.00012538527791323888,
2025-06-25 08:00:00,0.0,0.0,0.0,0.0,
2025-06-25 09:00:00,0.0,0.0,0.0,0.0,
2025-06-25 10:00:00,0.0,0.0,0.0,0.0,
2025-06-25 11:00:00,0.0,0.0,0.0,0.0,
2025-06-25 12:00:00,0.0,0.0,0.0,0.0,
2025-06-25 13:00:00,0.0,0.0,0.0,0.0,
2025-06-25 14:00:00,0.0,0.0,0.0,0.0,
2025-06-25 15:00:00,0.0,0.0,0.0,0.00020289036229833343,
2025-06-25 16:00:00,0.0,0.0,0.0,0.0,
2025-06-25 17:00:00,0.0,-2.2354374762802784e-05,0.0,0.0,
2025-06-25 18:00:00,0.0,0.0,0.0,0.0,
2025-06-25 19:00:00,0.0,0.0,0.0,0.0,
2025-06-25 20:00:00,0.0,0.0,0.0,0.0,
2025-06-25 21:00:00,0.0,0.0,0.0,0.0,
2025-06-25 22:00:00,0.0,0.0,0.0,0.0,
2025-06-25 23:00:00,0.0,0.0,0.0,0.0,
2025-06-26 00:00:00,0.0,0.0,0.0,0.0,
2025-06-26 01:00:00,0.0,0.0,0.0,0.0,
2025-06-26 02:00:00,0.0,0.0,0.0,0.0,
2025-06-26 03:00:00,0.0,0.0,0.0,0.0,
2025-06-26 04:00:00,0.0,0.0,0.0,0.0,
2025-06-26 05:00:00,0.0,0.0,0.0,0.0,
2025-06-26 06:00:00,0.0,0.0,0.0,0.0,
2025-06-26 07:00:00,0.0,0.0,0.0,0.0,
2025-06-26 08:00:00,0.0,0.0,0.0,0.0,
2025-06-26 09:00:00,0.0,0.0,0.0,0.0,
2025-06-26 10:00:00,0.0,0.0,0.0,0.0,
2025-06-26 11:00:00,0.0,0.0,0.0,0.0,
2025-06-26 12:00:00,0.0,0.0,0.0,0.0,
2025-06-26 13:00:00,-5.7613998987633925e-06,0.0,0.0,0.0,
2025-06-26 14:00:00,0.0,0.0,0.0,0.0,
2025-06-26 15:00:00,0.0,0.0,0.0,0.0,
2025-06-26 16:00:00,0.0,0.0,0.0,-0.00031484010634620435,
2025-06-26 17:00:00,-1.4772415064734383e-05,0.0,0.0,0.0,
2025-06-26 18:00:00,0.0,0.0,0.0,0.0,
2025-06-26 19:00:00,0.0,0.0,0.0,0.0,
2025-06-26 20:00:00,-8.912326451828422e-06,0.0,0.0,0.0,
2025-06-26 21:00:00,0.0,0.0,0.0,0.0,
2025-06-26 22:00:00,0.0,0.0,0.0,0.0,
2025-06-26 23:00:00,0.0,0.0,0.0,0.0,
2025-06-27 00:00:00,0.0,0.0,0.0,0.0,
2025-06-27 01:00:00,0.0,0.0,0.0,0.0,
2025-06-27 02:00:00,-5.181164038289045e-06,-3.0593791348315956e-06,0.0,0.0,
2025-06-27 03:00:00,0.0,0.0,0.0,0.0,
2025-06-27 04:00:00,0.0,0.0,0.0,0.0,
2025-06-27 05:00:00,0.0,0.0,0.0,0.0,
2025-06-27 06:00:00,0.0,0.0,0.0,0.0,
2025-06-27 07:00:00,0.0,0.0,0.0,0.0,
2025-06-27 08:00:00,0.0,0.0,0.0,0.0,
2025-06-27 09:00:00,0.0,0.0,0.0,0.0,
2025-06-27 10:00:00,0.0,0.0,0.0,0.0,
2025-06-27 11:00:00,0.0,0.0,0.0,0.0,
2025-06-27 12:00:00,0.0,0.0,0.0,0.0,
2025-06-27 13:00:00,0.0,0.0,0.0,0.0,
2025-06-27 14:00:00,0.0,0.0,0.0,0.0,
2025-06-27 15:00:00,0.0,0.0,0.0,0.0,
2025-06-27 16:00:00,-1.920027906273072e-06,0.0,0.0,0.0,
2025-06-27 17:00:00,0.0,0.0,0.0,0.0,
2025-06-27 18:00:00,0.0,0.0,0.0,0.0,
2025-06-27 19:00:00,0.0,0.0,0.0,0.0,
2025-06-27 20:00:00,0.0,0.0,0.0,0.0,
2025-06-27 21:00:00,8.342109292429754e-07,0.0,0.0,0.0,
2025-06-27 22:00:00,0.0,0.0,0.0,0.0,
2025-06-27 23:00:00,0.0,0.0,0.0,0.0,
2025-06-28 00:00:00,0.0,0.0,0.0,0.0,
2025-06-28 01:00:00,0.0,0.0,0.0,0.0,
2025-06-28 02:00:00,0.0,0.0,0.0,0.0,
2025-06-28 03:00:00,0.0,0.0,0.0,1.116261711288331e-06,
2025-06-28 04:00:00,0.0,0.0,0.0,0.0,
2025-06-28 05:00:00,0.0,0.0,0.0,0.0,
2025-06-28 06:00:00,0.0,0.0,0.0,0.0,
2025-06-28 07:00:00,0.0,0.0,0.0,0.0,
2025-06-28 08:00:00,-2.161099688380178e-05,0.0,0.0,0.0,
2025-06-28 09:00:00,0.0,0.0,0.0,0.0,
2025-06-28 10:00:00,0.0,0.0,0.0,0.0,
2025-06-28 11:00:00,1.6246929605375931e-06,0.0,0.0,0.0,
2025-06-28 12:00:00,0.0,0.0,0.0,0.0,
2025-06-28 13:00:00,0.0,0.0,0.0,0.0,
2025-06-28 14:00:00,0.0,0.0,0.0,0.0,
2025-06-28 15:00:00,0.0,-1.4373723832844463e-05,0.0,0.0,
2025-06-28 16:00:00,0.0,1.122301042646859e-05,0.0,0.0,
2025-06-28 17:00:00,0.0,0.0,0.0,0.0,
2025-06-28 18:00:00,0.0,0.0,0.0,0.0,
2025-06-28 19:00:00,0.0,0.0,0.0,0.0,
2025-06-28 20:00:00,1.0021617922534505e-05,0.0,0.0,0.0,
2025-06-28 21:00:00,1.0671708896799126e-05,0.0,0.0,0.0,
2025-06-28 22:00:00,4.0766043523904776e-07,0.0,0.0,0.0,
2025-06-28 23:00:00,0.0,0.0,0.0,1.7263131481423043e-05,
2025-06-29 00:00:00,0.0,0.0,0.0,0.0,
2025-06-29 01:00:00,0.0,0.0,0.0,0.0,
2025-06-29 02:00:00,0.0,0.0,0.0,-9.253346034337524e-06,
2025-06-29 03:00:00,-8.699304045824505e-06,0.0,0.0,0.0,
2025-06-29 04:00:00,0.0,0.0,0.0,0.0,
2025-06-29 05:00:00,0.0,0.0,0.0,0.0,
2025-06-29 06:00:00,0.0,0.0,0.0,0.0,
2025-06-29 07:00:00,0.0,0.0,0.0,0.0,
2025-06-29 08:00:00,0.0,0.0,0.0,0.0,
2025-06-29 09:00:00,0.0,0.0,0.0,0.0,
2025-06-29 10:00:00,0.0,0.0,0.0,0.0,
2025-06-29 11:00:00,-1.6344435020297584e-06,0.0,0.0,0.0,
2025-06-29 12:00:00,0.0,0.0,0.0,0.0,
2025-06-29 13:00:00,0.0,0.0,0.0,0.0,
2025-06-29 14:00:00,-3.461544708149669e-05,0.0,0.0,-4.970853762527984e-05,
2025-06-29 15:00:00,0.0,0.0,0.0,0.0,
2025-06-29 16:00:00,0.0,0.0,0.0,0.0,
2025-06-29 17:00:00,0.0,0.0,0.0,0.0,
2025-06-29 18:00:00,0.0,0.0,0.0,0.0,
2025-06-29 19:00:00,0.0,0.0,0.0,0.0,
2025-06-29 20:00:00,0.0,0.0,0.0,0.0,
2025-06-29 21:00:00,0.0,0.0,0.0,0.0,
2025-06-29 22:00:00,0.0,0.0,0.0,-0.0006098594193299058,
2025-06-29 23:00:00,0.0,0.0,0.0,-0.00027314139934981956,
2025-06-30 00:00:00,0.0,0.0,0.0,0.0,
2025-06-30 01:00:00,0.0,0.0,0.0,9.787658355847656e-05,
2025-06-30 02:00:00,-6.007936893565846e-06,0.0,0.0,0.0,
2025-06-30 03:00:00,0.0,0.0,0.0,0.0,
2025-06-30 04:00:00,0.0,0.0,0.0,0.0,
2025-06-30 05:00:00,0.0,0.0,0.0,0.0,
2025-06-30 06:00:00,0.0,0.0,0.0,-0.00044193233135815497,
2025-06-30 07:00:00,0.0,0.0,0.0,0.0,
2025-06-30 08:00:00,0.0,0.0,0.0,0.0,
2025-06-30 09:00:00,0.0,0.0,0.0,0.0,
2025-06-30 10:00:00,0.0,0.0,0.0,0.0,
2025-06-30 11:00:00,0.0,0.0,0.0,0.0,
2025-06-30 12:00:00,0.0,0.0,0.0,0.0,
2025-06-30 13:00:00,0.0,0.0,0.0,0.0,
2025-06-30 14:00:00,0.0,0.0,0.0,0.0,
2025-06-30 15:00:00,0.0,0.0,0.0,0.0,
2025-06-30 16:00:00,2.2332010768509506e-05,0.0,0.0,0.0,
2025-06-30 17:00:00,-5.0749168056823225e-06,0.0,0.0,0.0,
2025-06-30 18:00:00,0.0,0.0,0.0,0.0,
2025-06-30 19:00:00,0.0,0.0,0.0,0.0,
2025-06-30 20:00:00,0.0,0.0,0.0,0.0,
2025-06-30 21:00:00,0.0,0.0,0.0,0.0,
2025-06-30 22:00:00,0.0,0.0,0.0,0.0,
2025-06-30 23:00:00,0.0,0.0,0.0,0.0,
2025-07-01 00:00:00,0.0,0.0,0.0,0.0,
2025-07-01 01:00:00,0.0,0.0,0.0,0.0,
2025-07-01 02:00:00,0.0,0.0,0.0,0.0,
2025-07-01 03:00:00,0.0,0.0,0.0,0.0,
2025-07-01 04:00:00,0.0,0.0,0.0,0.0,
2025-07-01 05:00:00,0.0,0.0,0.0,0.0,
2025-07-01 06:00:00,0.0,0.0,0.0,0.0,
2025-07-01 07:00:00,0.0,0.0,0.0,0.0,
2025-07-01 08:00:00,0.0,0.0,0.0,0.0,
2025-07-01 09:00:00,0.0,0.0,0.0,0.0,
2025-07-01 10:00:00,0.0,0.0,0.0,0.0,
2025-07-01 11:00:00,0.0,0.0,0.0,0.0,
2025-07-01 12:00:00,0.0,0.0,0.0,0.0,
2025-07-01 13:00:00,0.0,0.0,0.0,0.0,
2025-07-01 14:00:00,0.0,0.0,0.0,0.0,
2025-07-01 15:00:00,0.0,0.0,0.0,0.0,
2025-07-01 16:00:00,0.0,0.0,0.0,0.0,
2025-07-01 17:00:00,0.0,0.0,0.0,0.0,
2025-07-01 18:00:00,0.0,0.0,0.0,0.0,
2025-07-01 19:00:00,0.0,0.0,0.0,0.0,
2025-07-01 20:00:00,0.0,0.0,0.0,0.0,
2025-07-01 21:00:00,0.0,0.0,0.0,0.0,
2025-07-01 22:00:00,0.0,0.0,0.0,0.0,
2025-07-01 23:00:00,8.770238560425489e-06,0.0,0.0,0.0,
2025-07-02 00:00:00,4.84881625415849e-06,0.0,0.0,0.0,
2025-07-02 01:00:00,0.0,0.0,0.0,0.0,
2025-07-02 02:00:00,0.0,0.0,0.0,0.0,
2025-07-02 03:00:00,0.0,0.0,0.0,0.0,
2025-07-02 04:00:00,0.0,0.0,0.0,0.0,
2025-07-02 05:00:00,0.0,0.0,0.0,0.0,
2025-07-02 06:00:00,0.0,0.0,0.0,0.0,
2025-07-02 07:00:00,0.0,0.0,0.0,0.0,
2025-07-02 08:00:00,0.0,0.0,0.0,0.0,
2025-07-02 09:00:00,0.0,0.0,0.0,0.0,
2025-07-02 10:00:00,0.0,0.0,0.0,0.0,
2025-07-02 11:00:00,0.0,0.0,0.0,0.0,
2025-07-02 12:00:00,0.0,0.0,0.0,0.0,
2025-07-02 13:00:00,0.0,0.0,0.0,0.0,
2025-07-02 14:00:00,0.0,0.0,0.0,0.0,
2025-07-02 15:00:00,0.0,0.0,0.0,0.0,
2025-07-02 16:00:00,0.0,0.0,0.0,0.0,
2025-07-02 17:00:00,0.0,0.0,0.0,-1.226040386490302e-07,
2025-07-02 18:00:00,1.3951203250300532e-05,0.0,0.0,0.0,
2025-07-02 19:00:00,0.0,0.0,0.0,0.0,
2025-07-02 20:00:00,0.0,0.0,0.0,0.0,
2025-07-02 21:00:00,1.5632457237082908e-05,0.0,0.0,0.0,
2025-07-02 22:00:00,6.21762671002154e-06,0.0,0.0,0.0,
2025-07-02 23:00:00,3.7146819125420113e-07,0.0,0.0,0.0,
2025-07-03 00:00:00,0.0,0.0,0.0,0.0,
2025-07-03 01:00:00,0.0,0.0,0.0,0.0,
2025-07-03 02:00:00,0.0,0.0,0.0,0.0,
2025-07-03 03:00:00,0.0,0.0,0.0,0.0,
2025-07-03 04:00:00,0.0,0.0,0.0,0.0,
2025-07-03 05:00:00,0.0,0.0,0.0,0.0,
2025-07-03 06:00:00,0.0,0.0,0.0,0.0,
2025-07-03 07:00:00,0.0,0.0,0.0,5.5058923824927304e-05,
2025-07-03 08:00:00,0.0,0.0,0.0,0.0,
2025-07-03 09:00:00,0.0,0.0,0.0,0.0,
2025-07-03 10:00:00,0.0,0.0,0.0,0.0,
2025-07-03 11:00:00,0.0,0.0,0.0,0.0,
2025-07-03 12:00:00,0.0,0.0,0.0,0.0,
2025-07-03 13:00:00,0.0,0.0,0.0,0.0,
2025-07-03 14:00:00,0.0,0.0,0.0,0.0007197680286702351,
2025-07-03 15:00:00,0.0,0.0,0.0,0.0,
2025-07-03 16:00:00,0.0,0.0,0.0,0.0,
2025-07-03 17:00:00,0.0,0.0,0.0,0.0,
2025-07-03 18:00:00,0.0,0.0,0.0,0.0,
2025-07-03 19:00:00,0.0,0.0,0.0,0.0,
2025-07-03 20:00:00,0.0,0.0,0.0,0.0,
2025-07-03 21:00:00,0.0,0.0,0.0,0.0,
2025-07-03 22:00:00,0.0,0.0,0.0,0.0,
2025-07-03 23:00:00,0.0,0.0,0.0,0.0,
2025-07-04 00:00:00,0.0,0.0,0.0,0.0,
2025-07-04 01:00:00,0.0,0.0,0.0,0.0,
2025-07-04 02:00:00,0.0,-1.1756592291972972e-05,0.0,0.0,
2025-07-04 03:00:00,0.0,0.0,0.0,0.0,
2025-07-04 04:00:00,0.0,9.659081306874366e-05,0.0,0.0,
2025-07-04 05:00:00,0.0,0.0,0.0,0.0,
2025-07-04 06:00:00,0.0,0.0,0.0,0.0,
2025-07-04 07:00:00,0.0,0.0,0.0,0.0,
2025-07-04 08:00:00,0.0,0.0,0.0,0.0,
2025-07-04 09:00:00,0.0,0.0,0.0,0.0,
2025-07-04 10:00:00,1.3932775025276478e-05,0.0,0.0,0.0,
2025-07-04 11:00:00,3.338401456581731e-06,0.0,0.0,0.0,
2025-07-04 12:00:00,0.0,-2.0507801734496722e-05,0.0,0.0,
2025-07-04 13:00:00,0.0,0.0,0.0,0.0,
2025-07-04 14:00:00,0.0,0.0,0.0,0.0,
2025-07-04 15:00:00,0.0,0.0,0.0,0.0,
2025-07-04 16:00:00,0.0,0.0,0.0,0.0,
2025-07-04 17:00:00,0.0,-8.563244222570523e-06,0.0,0.0,
2025-07-04 18:00:00,0.0,0.0,0.0,0.0,
2025-07-04 19:00:00,0.0,0.0,0.0,0.0,
2025-07-04 20:00:00,0.0,0.0,0.0,0.0,
2025-07-04 21:00:00,0.0,0.0,0.0,0.0,
2025-07-04 22:00:00,0.0,-0.00014588435969294827,0.0,0.0,
2025-07-04 23:00:00,0.0,3.0801167595636424e-05,0.0,0.0,
2025-07-05 00:00:00,0.0,-6.650826143786094e-05,0.0,0.0,
2025-07-05 01:00:00,0.0,0.00012284073064976493,0.0,0.0,
2025-07-05 02:00:00,0.0,4.977068666927443e-06,0.0,0.0,
2025-07-05 03:00:00,0.0,0.0,0.0,0.0,
2025-07-05 04:00:00,0.0,0.0,0.0,0.0,
2025-07-05 05:00:00,0.0,0.0,0.0,0.0,
2025-07-05 06:00:00,0.0,0.0,0.0,0.0,
2025-07-05 07:00:00,0.0,0.0,0.0,0.0,
2025-07-05 08:00:00,0.0,0.0,0.0,0.0,
2025-07-05 09:00:00,0.0,0.0,0.0,0.0,
2025-07-05 10:00:00,0.0,0.0,0.0,0.0,
2025-07-05 11:00:00,0.0,0.0,0.0,0.0,
2025-07-05 12:00:00,0.0,0.0,0.0,0.0,
2025-07-05 13:00:00,0.0,0.0,0.0,0.0,
2025-07-05 14:00:00,0.0,0.0,0.0,0.0,
2025-07-05 15:00:00,0.0,0.0,0.0,0.0,
2025-07-05 16:00:00,0.0,0.0,0.0,0.0,
2025-07-05 17:00:00,0.0,0.0,0.0,0.0,
2025-07-05 18:00:00,0.0,0.0,0.0,0.0,
2025-07-05 19:00:00,0.0,0.0,0.0,0.0,
2025-07-05 20:00:00,0.0,0.0,0.0,0.0,
2025-07-05 21:00:00,0.0,0.0,0.0,0.0,
2025-07-05 22:00:00,0.0,0.0,0.0,0.0,
2025-07-05 23:00:00,0.0,0.0,0.0,0.0,
2025-07-06 00:00:00,0.0,0.0,0.0,0.0,
2025-07-06 01:00:00,0.0,0.0,0.0,0.0,
2025-07-06 02:00:00,0.0,0.0,0.0,0.0,
2025-07-06 03:00:00,0.0,0.0,0.0,0.0,
2025-07-06 04:00:00,0.0,0.0,0.0,0.0,
2025-07-06 05:00:00,0.0,0.0,0.0,0.0,
2025-07-06 06:00:00,0.0,0.0,0.0,0.0,
2025-07-06 07:00:00,0.0,0.0,0.0,0.0,
2025-07-06 08:00:00,0.0,0.0,0.0,0.0,
2025-07-06 09:00:00,0.0,0.0,0.0,0.0,
2025-07-06 10:00:00,0.0,0.0,0.0,0.0,
2025-07-06 11:00:00,0.0,0.0,0.0,0.0,
2025-07-06 12:00:00,0.0,0.0,0.0,0.0,
2025-07-06 13:00:00,0.0,0.0,0.0,0.0,
2025-07-06 14:00:00,0.0,0.0,0.0,0.0,
2025-07-06 15:00:00,0.0,0.0,0.0,0.0,
2025-07-06 16:00:00,0.0,0.0,0.0,0.0,
2025-07-06 17:00:00,0.0,0.0,0.0,0.0,
2025-07-06 18:00:00,0.0,0.0,0.0,0.0,
2025-07-06 19:00:00,0.0,0.0,0.0,0.0,
2025-07-06 20:00:00,0.0,0.0,0.0,0.0,
2025-07-06 21:00:00,0.0,0.0,0.0,0.0,
2025-07-06 22:00:00,0.0,0.0,0.0,0.0,
2025-07-06 23:00:00,0.0,0.0,0.0,0.0,
2025-07-07 00:00:00,0.0,0.0,0.0,0.0,
2025-07-07 01:00:00,0.0,0.0,0.0,0.0,
2025-07-07 02:00:00,0.0,0.0,0.0,0.0,
2025-07-07 03:00:00,0.0,0.0,0.0,0.0,
2025-07-07 04:00:00,0.0,0.0,0.0,0.0,
2025-07-07 05:00:00,0.0,0.0,0.0,0.0,
2025-07-07 06:00:00,0.0,0.0,0.0,0.0,
2025-07-07 07:00:00,0.0,0.0,0.0,0.0,
2025-07-07 08:00:00,0.0,0.0,0.0,0.0,
2025-07-07 09:00:00,0.0,0.0,0.0,0.0,
2025-07-07 10:00:00,0.0,0.0,0.0,0.0,
2025-07-07 11:00:00,0.0,0.0,0.0,0.0,
2025-07-07 12:00:00,0.0,0.0,0.0,0.0,
2025-07-07 13:00:00,0.0,0.0,0.0,0.0,
2025-07-07 14:00:00,0.0,0.0,0.0,0.0,
2025-07-07 15:00:00,0.0,0.0,0.0,0.0,
2025-07-07 16:00:00,0.0,0.0,0.0,0.0,
2025-07-07 17:00:00,0.0,0.0,0.0,0.0,
2025-07-07 18:00:00,-8.2227145954935e-06,0.0,0.0,0.0,
2025-07-07 19:00:00,0.0,0.0,0.0,0.0,
2025-07-07 20:00:00,0.0,0.0,0.0,0.0,
2025-07-07 21:00:00,0.0,0.0,0.0,0.0,
2025-07-07 22:00:00,0.0,0.0,0.0,0.0,
2025-07-07 23:00:00,0.0,0.0,0.0,0.0,
2025-07-08 00:00:00,0.0,0.0,0.0,0.0,
2025-07-08 01:00:00,0.0,0.0,0.0,0.0,
2025-07-08 02:00:00,0.0,0.0,0.0,0.0,
2025-07-08 03:00:00,0.0,0.0,0.0,0.0,
2025-07-08 04:00:00,0.0,0.0,0.0,0.0,
2025-07-08 05:00:00,0.0,0.0,0.0,0.0,
2025-07-08 06:00:00,0.0,0.0,0.0,0.0,
2025-07-08 07:00:00,0.0,0.0,0.0,0.0,
2025-07-08 08:00:00,0.0,0.0,0.0,0.0,
2025-07-08 09:00:00,0.0,0.0,0.0,0.0,
2025-07-08 10:00:00,0.0,0.0,0.0,0.0,
2025-07-08 11:00:00,0.0,0.0,0.0,0.0,
2025-07-08 12:00:00,0.0,0.0,0.0,0.0,
2025-07-08 13:00:00,0.0,0.0,0.0,-0.00011496200395050305,
2025-07-08 14:00:00,0.0,0.0,0.0,0.00011865551736753188,
2025-07-08 15:00:00,0.0,0.0,0.0,0.0,
2025-07-08 16:00:00,0.0,0.0,0.0,0.0,
2025-07-08 17:00:00,0.0,0.0,0.0,0.0,
2025-07-08 18:00:00,0.0,0.0,0.0,0.0,
2025-07-08 19:00:00,0.0,0.0,0.0,0.0,
2025-07-08 20:00:00,0.0,0.0,0.0,0.0,
2025-07-08 21:00:00,0.0,0.0,0.0,0.0,
2025-07-08 22:00:00,0.0,0.0,0.0,0.0,
2025-07-08 23:00:00,0.0,0.0,0.0,0.0,
2025-07-09 00:00:00,0.0,0.0,0.0,0.0,
2025-07-09 01:00:00,0.0,0.0,0.0,0.0,
2025-07-09 02:00:00,0.0,0.0,0.0,0.0,
2025-07-09 03:00:00,0.0,0.0,0.0,0.0,
2025-07-09 04:00:00,0.0,0.0,0.0,0.0,
2025-07-09 05:00:00,0.0,0.0,0.0,0.0,
2025-07-09 06:00:00,0.0,0.0,0.0,-0.0001172857427724547,
2025-07-09 07:00:00,0.0,0.0,0.0,0.0,
2025-07-09 08:00:00,0.0,0.0,0.0,0.0,
2025-07-09 09:00:00,0.0,0.0,0.0,0.0,
2025-07-09 10:00:00,0.0,0.0,0.0,0.0,
2025-07-09 11:00:00,0.0,0.0,0.0,0.0,
2025-07-09 12:00:00,0.0,0.0,0.0,0.0,
2025-07-09 13:00:00,0.0,0.0,0.0,0.0,
2025-07-09 14:00:00,0.0,0.0,0.0,0.0,
2025-07-09 15:00:00,0.0,0.0,0.0,0.0,
2025-07-09 16:00:00,0.0,0.0,0.0,0.0,
2025-07-09 17:00:00,0.0,0.0,0.0,0.0,
2025-07-09 18:00:00,3.045284566550261e-06,0.0,0.0,0.0,
2025-07-09 19:00:00,0.0,0.0,0.0,0.0,
2025-07-09 20:00:00,0.0,0.0,0.0,0.0,
2025-07-09 21:00:00,0.0,0.0,0.0,0.000708616399275216,
2025-07-09 22:00:00,2.365468208933502e-06,0.0,0.0,0.0,
2025-07-09 23:00:00,0.0,0.0,0.0,0.0,
2025-07-10 00:00:00,0.0,0.0,0.0,0.0,
2025-07-10 01:00:00,0.0,0.0,0.0,0.0,
2025-07-10 02:00:00,0.0,0.0,0.0,0.0,
2025-07-10 03:00:00,0.0,0.0,0.0,0.0,
2025-07-10 04:00:00,0.0,0.0,0.0,0.0,
2025-07-10 05:00:00,0.0,0.0,0.0,0.0,
2025-07-10 06:00:00,-1.2966997675155852e-05,0.0,0.0,0.0,
2025-07-10 07:00:00,0.0,0.0,0.0,0.0,
2025-07-10 08:00:00,0.0,0.0,0.0,0.0,
2025-07-10 09:00:00,0.0,0.0,0.0,0.0,
2025-07-10 10:00:00,0.0,0.0,0.0,0.0,
2025-07-10 11:00:00,0.0,0.0,0.0,0.0,
2025-07-10 12:00:00,0.0,0.0,0.0,0.0002804887882342793,
2025-07-10 13:00:00,0.0,0.0,0.0,0.0,
2025-07-10 14:00:00,0.0,0.0,0.0,0.0,
2025-07-10 15:00:00,0.0,0.0,0.0,0.0,
2025-07-10 16:00:00,0.0,0.0,0.0,0.0,
2025-07-10 17:00:00,-9.325277289441732e-05,0.0,0.0,0.0,
2025-07-10 18:00:00,0.0,0.0,0.0,0.0,
2025-07-10 19:00:00,-1.2173657118431804e-06,0.0,0.0,0.0,
2025-07-10 20:00:00,0.0,0.0,0.0,0.0,
2025-07-10 21:00:00,0.0,0.0,0.0,0.0,
2025-07-10 22:00:00,0.0,0.0,0.0,0.0,
2025-07-10 23:00:00,0.00013760388011071196,0.0,0.0,0.0009195631545922231,
2025-07-11 00:00:00,0.0,0.0,0.0,0.00015596176191806725,
2025-07-11 01:00:00,6.309602040416238e-06,0.0,0.0,0.0,
2025-07-11 02:00:00,0.0,0.0,0.0,0.0,
2025-07-11 03:00:00,0.0,0.0,0.0,-0.00040490109932477756,
2025-07-11 04:00:00,0.0,0.0,0.0,0.0,
2025-07-11 05:00:00,0.0,0.0,0.0,0.0,
2025-07-11 06:00:00,7.493328445756013e-06,0.0,0.0,0.0,
2025-07-11 07:00:00,0.0,0.0,0.0,0.00018532376861070691,
2025-07-11 08:00:00,0.0,0.0,0.0,0.0,
2025-07-11 09:00:00,0.0,0.0,0.0,2.4066766940131313e-05,
2025-07-11 10:00:00,0.0,0.0,0.0,0.0,
2025-07-11 11:00:00,2.4097405249563128e-05,0.0,0.0,0.0,
2025-07-11 12:00:00,3.300376665265183e-05,0.0,0.0,0.0,
2025-07-11 13:00:00,-2.5919807510751368e-05,0.0,0.0,0.0,
2025-07-11 14:00:00,0.0,0.0,0.0,0.0,
2025-07-11 15:00:00,0.0,0.0,0.0,0.0008886112910278779,
2025-07-11 16:00:00,8.147603165048445e-06,0.0,0.0,0.0014765232042443146,
2025-07-11 17:00:00,0.0,0.0,0.0,0.0,
2025-07-11 18:00:00,5.119711207037403e-05,0.0,0.0,0.0,
2025-07-11 19:00:00,5.110373114628155e-05,0.0,0.0,0.0,
2025-07-11 20:00:00,0.0,0.0,0.0,0.0,
2025-07-11 21:00:00,0.0,0.0,0.0,0.0,
2025-07-11 22:00:00,0.0,0.0,0.0,0.0,
2025-07-11 23:00:00,0.0,0.0,0.0,0.0,
2025-07-12 00:00:00,0.0,0.0,0.0,0.0,
2025-07-12 01:00:00,0.0,0.0,0.0,0.0,
2025-07-12 02:00:00,0.0,0.0,0.0,0.0,
2025-07-12 03:00:00,3.982773961710661e-06,0.0,0.0,0.0,
2025-07-12 04:00:00,0.0,0.0,0.0,0.0,
2025-07-12 05:00:00,0.0,0.0,0.0,0.0,
2025-07-12 06:00:00,0.0,0.0,0.0,0.0,
2025-07-12 07:00:00,0.0,0.0,0.0,0.0,
2025-07-12 08:00:00,0.0,0.0,0.0,0.0,
2025-07-12 09:00:00,0.0,0.0,0.0,0.0,
2025-07-12 10:00:00,0.0,0.0,0.0,5.512428800374839e-05,
2025-07-12 11:00:00,0.0,0.0,0.0,0.0,
2025-07-12 12:00:00,0.0,0.0,0.0,0.0,
2025-07-12 13:00:00,0.0,0.0,0.0,0.0,
2025-07-12 14:00:00,0.0,0.0,0.0,0.0,
2025-07-12 15:00:00,-3.378314091629268e-06,0.0,0.0,0.0,
2025-07-12 16:00:00,0.0,0.0,0.0,9.45001117155143e-05,
2025-07-12 17:00:00,0.0,0.0,0.0,0.0,
2025-07-12 18:00:00,0.0,0.0,0.0,0.0,
2025-07-12 19:00:00,0.0,0.0,0.0,-4.984452642080633e-05,
2025-07-12 20:00:00,0.0,0.0,0.0,0.0,
2025-07-12 21:00:00,0.0,0.0,0.0,0.0002780577027934942,
2025-07-12 22:00:00,0.0,0.0,0.0,0.0,
2025-07-12 23:00:00,0.0,0.0,0.0,0.0,
2025-07-13 00:00:00,0.0,0.0,0.0,0.0,
2025-07-13 01:00:00,0.0,0.0,0.0,-7.718487090680549e-05,
2025-07-13 02:00:00,0.0,0.0,0.0,0.0,
2025-07-13 03:00:00,0.0,0.0,0.0,0.0,
2025-07-13 04:00:00,0.0,0.0,0.0,0.0,
2025-07-13 05:00:00,0.0,0.0,0.0,0.0,
2025-07-13 06:00:00,0.0,0.0,0.0,-6.374733094908274e-06,
2025-07-13 07:00:00,0.0,0.0,0.0,0.0,
2025-07-13 08:00:00,0.0,0.0,0.0,0.0,
2025-07-13 09:00:00,0.0,0.0,0.0,0.0,
2025-07-13 10:00:00,0.0,0.0,0.0,0.0,
2025-07-13 11:00:00,0.0,0.0,0.0,0.0,
2025-07-13 12:00:00,0.0,0.0,0.0,0.00019140453393803433,
2025-07-13 13:00:00,0.0,0.0,0.0,-9.122647947397543e-05,
2025-07-13 14:00:00,0.0,0.0,0.0,0.0,
2025-07-13 15:00:00,0.0,0.0,0.0,-0.0006264890172253018,
2025-07-13 16:00:00,0.0,0.0,0.0,0.0,
2025-07-13 17:00:00,1.7911219242490304e-05,0.0,0.0,1.0241589834346649e-05,
2025-07-13 18:00:00,0.0,0.0,0.0,0.0,
2025-07-13 19:00:00,0.0,0.0,0.0,0.0,
2025-07-13 20:00:00,0.0,0.0,0.0,0.0,
2025-07-13 21:00:00,0.0,0.0,0.0,0.0,
2025-07-13 22:00:00,0.0,0.0,0.0,0.0,
2025-07-13 23:00:00,0.0,0.0,0.0,0.0,
2025-07-14 00:00:00,0.0,0.0,0.0,-0.00029525108166394596,
2025-07-14 01:00:00,2.7720691186499755e-06,0.0,0.0,0.0,
2025-07-14 02:00:00,0.0,0.0,0.0,0.0002707703633426483,
2025-07-14 03:00:00,0.0,0.0,0.0,0.0,
2025-07-14 04:00:00,0.0,0.0,0.0,0.0,
2025-07-14 05:00:00,0.0,0.0,0.0,0.0,
2025-07-14 06:00:00,0.0,0.0,0.0,0.0,
2025-07-14 07:00:00,0.0,0.0,0.0,0.0,
2025-07-14 08:00:00,0.0,0.0,0.0,0.0,
2025-07-14 09:00:00,0.0,0.0,0.0,-0.0003312812978934766,
2025-07-14 10:00:00,2.930958910563676e-05,0.0,0.0,0.0,
2025-07-14 11:00:00,2.458303606729577e-05,0.0,0.0,0.0,
2025-07-14 12:00:00,0.0,0.0,0.0,0.0,
2025-07-14 13:00:00,0.0,0.0,0.0,0.0,
2025-07-14 14:00:00,0.0,0.0,0.0,0.0,
2025-07-14 15:00:00,0.0,0.0,0.0,0.0,
2025-07-14 16:00:00,0.0,0.0,0.0,0.0,
2025-07-14 17:00:00,0.0,0.0,0.0,0.0,
2025-07-14 18:00:00,0.0,0.0,0.0,0.0,
2025-07-14 19:00:00,0.0,0.0,0.0,8.44789299787515e-05,
2025-07-14 20:00:00,-1.1895667302164869e-05,0.0,0.0,0.0,
2025-07-14 21:00:00,0.0,0.0,0.0,0.0,
2025-07-14 22:00:00,0.0,0.0,0.0,0.0,
2025-07-14 23:00:00,-1.1581587118014321e-05,0.0,0.0,0.0,
2025-07-15 00:00:00,3.8045147470529934e-05,0.0,0.0,0.0,
2025-07-15 01:00:00,3.018904236674949e-06,0.0,0.0,0.0,
2025-07-15 02:00:00,0.0,0.0,0.0,0.0,
2025-07-15 03:00:00,0.0,0.0,0.0,0.0,
2025-07-15 04:00:00,0.0,0.0,0.0,0.0,
2025-07-15 05:00:00,0.0,0.0,0.0,0.0,
2025-07-15 06:00:00,0.0,0.0,0.0,6.349068643580217e-06,
2025-07-15 07:00:00,0.0,0.0,0.0,0.0,
2025-07-15 08:00:00,0.0,0.0,0.0,0.0,
2025-07-15 09:00:00,0.0,0.0,0.0,0.0,
2025-07-15 10:00:00,0.0,0.0,0.0,0.0,
2025-07-15 11:00:00,0.0,0.0,0.0,0.0,
2025-07-15 12:00:00,0.0,0.0,0.0,0.0,
2025-07-15 13:00:00,0.0,0.0,0.0,0.0,
2025-07-15 14:00:00,0.0,0.0,0.0,0.0,
2025-07-15 15:00:00,-3.879871805751735e-05,0.0,0.0,0.0,
2025-07-15 16:00:00,-2.9548496381269464e-05,0.0,0.0,0.0,
2025-07-15 17:00:00,-5.832410307339352e-05,0.0,0.0,0.0,
2025-07-15 18:00:00,2.9453087639806888e-05,0.0,0.0,0.0,
2025-07-15 19:00:00,0.00014925502322680228,0.0,0.0,0.0,
2025-07-15 20:00:00,-9.721116128371031e-06,0.0,0.0,0.0,
2025-07-15 21:00:00,-3.528220324871117e-05,0.0,0.0,0.0,
2025-07-15 22:00:00,-4.068591804233581e-06,0.0,0.0,0.0,
2025-07-15 23:00:00,-9.559570677245828e-05,0.0,0.0,0.0,
2025-07-16 00:00:00,-0.00019724950430732063,0.0,0.0,0.0,
2025-07-16 01:00:00,0.0002206218636877558,0.0,0.0,0.0,
2025-07-16 02:00:00,0.0,0.0,0.0,0.0,
2025-07-16 03:00:00,-3.345843933670307e-05,0.0,0.0,0.0,
2025-07-16 04:00:00,-3.967977364477922e-05,-1.2220747149444569e-05,0.0,0.0,
2025-07-16 05:00:00,5.908680851921136e-05,0.0,0.0,0.0,
2025-07-16 06:00:00,0.0,0.0,0.0,0.0,
2025-07-16 07:00:00,0.0,0.0,0.0,0.0,
2025-07-16 08:00:00,-3.919971161494527e-06,0.0,0.0,0.0,
2025-07-16 09:00:00,0.0,0.0,0.0,0.0,
2025-07-16 10:00:00,0.0,0.0,0.0,0.0,
2025-07-16 11:00:00,0.0,0.0,0.0,0.0,
2025-07-16 12:00:00,1.71456341081608e-05,0.0,0.0,0.0,
2025-07-16 13:00:00,7.874752084851766e-06,0.0,0.0,0.0,
2025-07-16 14:00:00,0.0,0.0,0.0,0.0,
2025-07-16 15:00:00,-6.058710821482317e-05,0.0,0.0,0.0,
2025-07-16 16:00:00,0.0001073885165711692,-6.663512344435199e-05,0.0,0.0,
2025-07-16 17:00:00,0.0,0.0,0.0,0.0,
2025-07-16 18:00:00,0.0,0.0,0.0,0.0,
2025-07-16 19:00:00,0.0,0.00012145782008178305,0.0,0.0,
2025-07-16 20:00:00,-3.8136884976891975e-05,-0.00010730020855033277,0.0,0.0,
2025-07-16 21:00:00,0.0003070185555793363,0.0,0.0,0.0,
2025-07-16 22:00:00,0.0,0.0,0.0,0.0,
2025-07-16 23:00:00,0.0,0.0,0.0,0.0,
2025-07-17 00:00:00,-7.491286863198693e-05,0.0,0.0,0.0,
2025-07-17 01:00:00,4.5631831302813686e-05,0.0,0.0,0.0,
2025-07-17 02:00:00,0.0,0.0,0.0,0.0,
2025-07-17 03:00:00,1.6700866861514776e-05,0.0,0.0,0.0,
2025-07-17 04:00:00,0.0,0.0,0.0,0.0,
2025-07-17 05:00:00,-9.693429135001878e-05,0.0,0.0,0.0,
2025-07-17 06:00:00,1.4055161448114885e-06,0.0,0.0,0.0,
2025-07-17 07:00:00,0.0,0.0,0.0,0.0,
2025-07-17 08:00:00,-1.4435834506059103e-06,0.0,0.0,0.0,
2025-07-17 09:00:00,0.0,0.0,0.0,0.0,
2025-07-17 10:00:00,0.0,0.0,0.0,0.0,
2025-07-17 11:00:00,0.0,0.0,0.0,0.0,
2025-07-17 12:00:00,0.0,0.0,0.0,0.0,
2025-07-17 13:00:00,0.0,-7.964553970629471e-05,0.0,0.0,
2025-07-17 14:00:00,-2.986506746659656e-05,0.0,0.0,0.0,
2025-07-17 15:00:00,0.0,0.0,0.0,0.0,
2025-07-17 16:00:00,0.0,0.0,0.0,0.0,
2025-07-17 17:00:00,0.0,0.0,0.0,0.0,
2025-07-17 18:00:00,0.0,0.0,0.0,0.0,
2025-07-17 19:00:00,6.045123642964512e-05,0.0,0.0,0.0,
2025-07-17 20:00:00,5.3467177822395977e-05,0.0,0.0,0.0,
2025-07-17 21:00:00,-8.76656370199975e-05,0.0,0.0,0.0,
2025-07-17 22:00:00,9.756695357937244e-05,0.0,0.0,0.0,
2025-07-17 23:00:00,-7.867632674963572e-05,0.0,0.0,0.0,
2025-07-18 00:00:00,0.00033880515836879314,0.0,0.0,0.0,
2025-07-18 01:00:00,9.052475745591627e-05,0.0,0.0,0.0,
2025-07-18 02:00:00,-2.748670789404501e-05,0.0,0.0,0.0,
2025-07-18 03:00:00,7.743102473689196e-05,0.0,0.0,0.0,
2025-07-18 04:00:00,2.1946406253509806e-05,0.0,0.0,0.0,
2025-07-18 05:00:00,0.0,0.0,0.0,0.0,
2025-07-18 06:00:00,1.078710806600931e-06,7.483460360391478e-06,0.0,0.0,
2025-07-18 07:00:00,-9.617512909177253e-05,0.0,0.0,0.0,
2025-07-18 08:00:00,-4.713752264776475e-05,0.0,0.0,0.0,
2025-07-18 09:00:00,0.0003829088568903544,0.0,0.0,0.0,
2025-07-18 10:00:00,0.0,0.0,0.0,0.0,
2025-07-18 11:00:00,0.0,0.0,0.0,0.0,
2025-07-18 12:00:00,0.0,0.0,0.0,0.0,
2025-07-18 13:00:00,0.00032114118288601687,0.0,0.0,0.0,
2025-07-18 14:00:00,0.0,0.0,0.0,0.0,
2025-07-18 15:00:00,0.0,0.0,0.0,0.0,
2025-07-18 16:00:00,0.0,0.0,0.0,0.0,
2025-07-18 17:00:00,0.0,0.0,0.0,0.0,
2025-07-18 18:00:00,0.0,0.0,0.0,0.0,
2025-07-18 19:00:00,0.0,0.0,0.0,0.0,
2025-07-18 20:00:00,0.0,0.0,0.0,0.0,
2025-07-18 21:00:00,1.0018890185701468e-05,0.0,0.0,0.0,
2025-07-18 22:00:00,-1.1978025181416795e-05,0.0,0.0,0.0,
2025-07-18 23:00:00,0.0,0.0,0.0,0.0,
2025-07-19 00:00:00,0.0,0.0,0.0,0.0,
2025-07-19 01:00:00,0.0,0.0,0.0,0.0,
2025-07-19 02:00:00,0.0,0.0,0.0,0.0,
2025-07-19 03:00:00,0.0,0.0,0.0,0.0,
2025-07-19 04:00:00,0.0,0.0,0.0,0.0,
2025-07-19 05:00:00,0.0,0.0,0.0,0.0,
2025-07-19 06:00:00,0.0,0.0,0.0,0.0,
2025-07-19 07:00:00,0.0,0.0,0.0,0.0,
2025-07-19 08:00:00,0.0,0.0,0.0,0.0,
2025-07-19 09:00:00,0.0,0.0,0.0,0.0,
2025-07-19 10:00:00,0.0,0.0,0.0,0.0,
2025-07-19 11:00:00,0.0,0.0,0.0,0.0,
2025-07-19 12:00:00,0.0,0.0,0.0,0.0,
2025-07-19 13:00:00,0.0,0.0,0.0,0.0,
2025-07-19 14:00:00,0.0,0.0,0.0,0.0,
2025-07-19 15:00:00,0.0,0.0,0.0,0.0,
2025-07-19 16:00:00,0.0,0.0,0.0,0.0,
2025-07-19 17:00:00,5.221263221924845e-06,0.0,0.0,0.0,
2025-07-19 18:00:00,0.0,0.0,0.0,0.0,
2025-07-19 19:00:00,0.0,0.0,0.0,0.0,
2025-07-19 20:00:00,0.0,0.0,0.0,0.0,
2025-07-19 21:00:00,0.0,0.0,0.0,0.0,
2025-07-19 22:00:00,0.0,0.0,0.0,0.0,
2025-07-19 23:00:00,0.0,0.0,0.0,0.0,
2025-07-20 00:00:00,0.0,0.0,0.0,0.0,
2025-07-20 01:00:00,0.0,0.0,0.0,0.0,
2025-07-20 02:00:00,0.0,0.0,0.0,0.0,
2025-07-20 03:00:00,0.0,0.0,0.0,0.0,
2025-07-20 04:00:00,0.0,0.0,0.0,0.0,
2025-07-20 05:00:00,0.0,0.0,0.0,0.0,
2025-07-20 06:00:00,0.0,0.0,0.0,0.0,
2025-07-20 07:00:00,0.0,0.0,0.0,0.0,
2025-07-20 08:00:00,0.0,0.0,0.0,0.0,
2025-07-20 09:00:00,0.0,0.0,0.0,0.0,
2025-07-20 10:00:00,0.0,0.0,0.0,0.0,
2025-07-20 11:00:00,0.0,0.0,0.0,0.0,
2025-07-20 12:00:00,0.0,0.0,0.0,0.0,
2025-07-20 13:00:00,2.754534640621672e-05,0.0,0.0,0.0,
2025-07-20 14:00:00,-2.282124167465659e-05,0.0,0.0,0.0,
2025-07-20 15:00:00,0.0,0.0,0.0,0.0,
2025-07-20 16:00:00,0.0,0.0,0.0,0.0,
2025-07-20 17:00:00,-0.00017162700942888125,0.0,0.0,0.0,
2025-07-20 18:00:00,0.0,0.0,0.0,0.0,
2025-07-20 19:00:00,-2.674880895401541e-05,0.0,0.0,0.0,
2025-07-20 20:00:00,-4.4738592723776955e-06,0.0,0.0,0.0,
2025-07-20 21:00:00,-0.00013649720433302987,0.0,0.0,0.0,
2025-07-20 22:00:00,0.000359234210774084,0.0,0.0,0.0,
2025-07-20 23:00:00,0.0,0.0,0.0,0.0,
2025-07-21 00:00:00,0.0002701017051164112,0.0,0.0,0.0,
2025-07-21 01:00:00,-1.4322461131881279e-05,0.0,0.0,0.0,
2025-07-21 02:00:00,2.7128952375772468e-05,0.0,0.0,0.0,
2025-07-21 03:00:00,8.261741836807586e-06,0.0,0.002516476802254241,0.0,
2025-07-21 04:00:00,2.5122395416118937e-05,0.0,0.0,0.0,
2025-07-21 05:00:00,0.0,0.0,-0.0005321135323432902,0.0,
2025-07-21 06:00:00,-2.3467118447329077e-05,0.0,0.0,0.0,
2025-07-21 07:00:00,-1.5649074715768395e-05,0.0,0.0,0.0,
2025-07-21 08:00:00,0.0,0.0,0.0,0.0,
2025-07-21 09:00:00,0.0,0.0,0.0,0.0,
2025-07-21 10:00:00,-6.0225225146378565e-05,0.0,0.0,0.0,
2025-07-21 11:00:00,0.0001254401557457153,0.0,0.0,0.0,
2025-07-21 12:00:00,0.0,0.0,0.0,0.0,
2025-07-21 13:00:00,0.0,0.0,0.0,0.0,
2025-07-21 14:00:00,0.0,0.0,0.0,0.0,
2025-07-21 15:00:00,0.0,0.0,0.0,0.0,
2025-07-21 16:00:00,0.0,0.0,0.0,0.0,
2025-07-21 17:00:00,0.0,0.0,0.0,0.0,
2025-07-21 18:00:00,0.0,0.0,0.0,0.0,
2025-07-21 19:00:00,0.0,0.0,0.0,0.0,
2025-07-21 20:00:00,1.3935982139325075e-06,0.0,0.0,0.0,
2025-07-21 21:00:00,0.0,0.0,0.0,0.0,
2025-07-21 22:00:00,0.0,0.0,0.0,0.0,
2025-07-21 23:00:00,0.0,0.0,0.0,0.0,
2025-07-22 00:00:00,0.0,0.0,0.0,0.0,
2025-07-22 01:00:00,-0.0003940271489626672,0.0,0.0,0.0,
2025-07-22 02:00:00,0.0001799497873565798,0.0,0.0,0.0,
2025-07-22 03:00:00,-9.637005055102686e-06,0.0,0.0,0.0,
2025-07-22 04:00:00,0.0,0.0,0.0,0.0,
2025-07-22 05:00:00,0.0,0.0,0.0,0.0,
2025-07-22 06:00:00,0.00018706708594868766,0.0,0.0,0.0,
2025-07-22 07:00:00,0.0,0.0,0.0,0.0,
2025-07-22 08:00:00,-1.3749996359237416e-05,0.0,0.0,0.0,
2025-07-22 09:00:00,0.0,0.0,0.0,0.0,
2025-07-22 10:00:00,0.0,0.0,0.00038700059051109746,0.0,
2025-07-22 11:00:00,0.0,0.0,0.0,0.0,
2025-07-22 12:00:00,0.0,0.0,0.0,0.0,
2025-07-22 13:00:00,2.2149268004760885e-05,0.0,0.0,0.0,
2025-07-22 14:00:00,0.0,0.0,0.0,0.0,
2025-07-22 15:00:00,0.0,0.0,0.0,0.0,
2025-07-22 16:00:00,0.0,0.0,0.0,0.0,
2025-07-22 17:00:00,0.0,0.0,0.0,0.0,
2025-07-22 18:00:00,0.0,0.0,0.0,0.0,
2025-07-22 19:00:00,7.060592810524379e-05,0.0,0.0,0.0,
2025-07-22 20:00:00,-5.115073572508538e-05,0.0,-0.0007106992331965382,0.0,
2025-07-22 21:00:00,0.0,0.0,0.0,0.0,
2025-07-22 22:00:00,0.0,0.0,0.0,0.0,
2025-07-22 23:00:00,0.0,0.0,0.0,0.0,
2025-07-23 00:00:00,0.0,0.0,0.018003992329767973,0.0,
2025-07-23 01:00:00,1.0804307673436525e-05,0.0,-0.002322017640576591,0.0,
2025-07-23 02:00:00,0.0,0.0,-0.0009003671530400825,0.0,
2025-07-23 03:00:00,0.0,0.0,0.0,-0.00046941842672578013,
2025-07-23 04:00:00,-0.00015058574204372617,0.0,0.0,-0.0001108918024834676,
2025-07-23 05:00:00,-4.8433978473194736e-05,0.0,0.0,0.0,
2025-07-23 06:00:00,4.1669144452686185e-05,0.0,0.0,0.0,
2025-07-23 07:00:00,-1.0901092473136451e-05,0.0,0.0,0.0,
2025-07-23 08:00:00,0.0,0.0,0.0,0.0,
2025-07-23 09:00:00,1.4825450034882488e-05,0.0,0.0,0.0,
2025-07-23 10:00:00,-1.072834310199407e-05,0.0,0.0,0.0,
2025-07-23 11:00:00,-2.3019138319613092e-05,0.0,0.0,0.0,
2025-07-23 12:00:00,0.00020342110946245244,0.0,0.0,0.0,
2025-07-23 13:00:00,-0.0001755941847206924,0.0,0.0,0.0,
2025-07-23 14:00:00,0.0,0.0,0.0,0.0,
2025-07-23 15:00:00,0.0,0.0,-0.000750668664284696,0.0,
2025-07-23 16:00:00,0.0,0.0,0.0,0.0,
2025-07-23 17:00:00,0.0,0.0,0.0,0.0,
2025-07-23 18:00:00,-3.230252442421273e-05,0.0,0.0,0.0,
2025-07-23 19:00:00,0.0,0.0,0.0,0.0,
2025-07-23 20:00:00,0.0,0.0,0.0,0.0,
2025-07-23 21:00:00,0.0,0.0,0.0,0.0,
2025-07-23 22:00:00,-7.482952612147314e-08,0.0,0.0,0.0,
2025-07-23 23:00:00,0.0,0.0,0.0,0.0,
2025-07-24 00:00:00,3.080890852692646e-05,0.0,0.0003229910207880944,0.0,
2025-07-24 01:00:00,0.0,0.0,0.0,0.0,
2025-07-24 02:00:00,0.0,0.0,0.0,0.0,
2025-07-24 03:00:00,0.0,0.0,0.0,0.0,
2025-07-24 04:00:00,0.0,0.0,0.0,0.0,
2025-07-24 05:00:00,0.0,0.0,0.0,0.0,
2025-07-24 06:00:00,0.0,0.0,0.0,0.0,
2025-07-24 07:00:00,0.0,0.0,0.0,0.0,
2025-07-24 08:00:00,-1.9211167730856853e-06,0.0,0.0,0.0,
2025-07-24 09:00:00,0.0,0.0,0.0,0.0,
2025-07-24 10:00:00,0.0,0.0,0.0,0.0,
2025-07-24 11:00:00,0.0,0.0,0.0,0.0,
2025-07-24 12:00:00,0.0,0.0,0.0,0.0,
2025-07-24 13:00:00,0.0,0.0,0.0,0.0,
2025-07-24 14:00:00,0.0,0.0,0.0,0.0,
2025-07-24 15:00:00,0.0,0.0,0.0,0.0,
2025-07-24 16:00:00,0.0,0.0,0.0,0.0,
2025-07-24 17:00:00,0.0,0.0,0.0,0.0,
2025-07-24 18:00:00,0.0,0.0,0.0,0.0,
2025-07-24 19:00:00,0.0,0.0,0.0,0.0,
2025-07-24 20:00:00,0.0,0.0,0.0,0.0,
2025-07-24 21:00:00,0.0,0.0,0.0,0.0,
2025-07-24 22:00:00,0.0,0.0,0.0,0.0,
2025-07-24 23:00:00,0.0,0.0,0.0,0.0,
2025-07-25 00:00:00,0.0,0.0,0.0,0.0,
2025-07-25 01:00:00,0.0,0.0,0.0,0.0,
2025-07-25 02:00:00,0.0,0.0,0.0,0.0,
2025-07-25 03:00:00,0.0,0.0,0.0,0.0,
2025-07-25 04:00:00,-1.158362264773722e-06,0.0,0.0,0.0,
2025-07-25 05:00:00,0.0,0.0,0.0,0.0,
2025-07-25 06:00:00,0.0,0.0,0.0,0.0,
2025-07-25 07:00:00,-5.2904181674156955e-06,0.0,0.0,0.0,
2025-07-25 08:00:00,0.0,0.0,0.0,0.0,
2025-07-25 09:00:00,0.0,0.0,0.0,0.0,
2025-07-25 10:00:00,0.0,0.0,0.0,0.0,
2025-07-25 11:00:00,0.0,0.0,0.0,0.0,
2025-07-25 12:00:00,0.0,0.0,0.0,0.0,
2025-07-25 13:00:00,0.0,0.0,0.0,0.0,
2025-07-25 14:00:00,0.0,0.0,0.0,0.0,
2025-07-25 15:00:00,0.0,0.0,0.0,0.0,
2025-07-25 16:00:00,0.0,0.0,0.0,0.0,
2025-07-25 17:00:00,0.0,0.0,0.0,0.0,
2025-07-25 18:00:00,0.0,0.0,0.0,0.0,
2025-07-25 19:00:00,0.0,0.0,0.0,0.0,
2025-07-25 20:00:00,0.0,0.0,0.0,0.0,
2025-07-25 21:00:00,0.0,0.0,0.0,0.0,
2025-07-25 22:00:00,0.0,0.0,0.0,0.0,
2025-07-25 23:00:00,0.0,0.0,0.0,0.0,
2025-07-26 00:00:00,0.0,0.0,0.0,0.0,
2025-07-26 01:00:00,0.0,0.0,0.0,0.0,
2025-07-26 02:00:00,0.0,0.0,0.0,0.0,
2025-07-26 03:00:00,0.0,0.0,0.0,0.0,
2025-07-26 04:00:00,0.0,0.0,0.0,0.0,
2025-07-26 05:00:00,0.0,0.0,0.0,0.0,
2025-07-26 06:00:00,2.3748585588444666e-06,0.0,0.0,0.0,
2025-07-26 07:00:00,0.0,0.0,0.0,0.0,
2025-07-26 08:00:00,0.0,0.0,0.0,0.0,
2025-07-26 09:00:00,0.0,0.0,0.0,0.0,
2025-07-26 10:00:00,0.0,0.0,0.0,0.0,
2025-07-26 11:00:00,-1.2769260923970122e-06,0.0,0.0,0.0,
2025-07-26 12:00:00,0.0,0.0,0.0,0.0,
2025-07-26 13:00:00,0.0,0.0,0.0,0.0,
2025-07-26 14:00:00,-6.505333099448584e-06,0.0,0.0,0.0,
2025-07-26 15:00:00,0.0,0.0,0.0,0.0,
2025-07-26 16:00:00,0.0,0.0,0.0,0.0,
2025-07-26 17:00:00,0.0,0.0,0.0,0.0,
2025-07-26 18:00:00,0.0,0.0,0.0,0.0,
2025-07-26 19:00:00,0.0,0.0,0.0,0.0,
2025-07-26 20:00:00,0.0,0.0,0.0,0.0,
2025-07-26 21:00:00,0.0,0.0,0.0,0.0,
2025-07-26 22:00:00,0.0,0.0,0.0,0.0,
2025-07-26 23:00:00,0.0,0.0,0.0,0.0,
2025-07-27 00:00:00,0.0,0.0,0.0,0.0,
2025-07-27 01:00:00,0.0,0.0,0.0,0.0,
2025-07-27 02:00:00,0.0,0.0,0.0,0.0,
2025-07-27 03:00:00,-1.0823078247914193e-06,0.0,0.0,0.0,
2025-07-27 04:00:00,0.0,0.0,0.0,0.0,
2025-07-27 05:00:00,0.0,0.0,0.0,0.0,
2025-07-27 06:00:00,0.0,0.0,0.0,0.0,
2025-07-27 07:00:00,0.0,0.0,0.0,0.0,
2025-07-27 08:00:00,0.0,0.0,0.0,0.0,
2025-07-27 09:00:00,0.0,0.0,0.0,0.0,
2025-07-27 10:00:00,0.0,0.0,0.0,0.0,
2025-07-27 11:00:00,0.0,0.0,0.0,0.0,
2025-07-27 12:00:00,2.148467490148398e-06,0.0,0.0,0.0,
2025-07-27 13:00:00,0.0,0.0,0.0,0.0,
2025-07-27 14:00:00,0.0,0.0,0.0,0.0,
2025-07-27 15:00:00,6.527813448042639e-07,0.0,0.0,0.0,
2025-07-27 16:00:00,0.0,0.0,0.0,0.0,
2025-07-27 17:00:00,0.0,0.0,0.0,0.0,
2025-07-27 18:00:00,0.0,0.0,0.0,0.0,
2025-07-27 19:00:00,0.0,0.0,0.0,0.0,
2025-07-27 20:00:00,0.0,0.0,0.0,0.0,
2025-07-27 21:00:00,0.0,0.0,0.0,0.0,
2025-07-27 22:00:00,0.0,0.0,0.0,0.0,
2025-07-27 23:00:00,0.0,0.0,0.0,0.0,
2025-07-28 00:00:00,0.0,0.0,0.0,0.0,
2025-07-28 01:00:00,0.0,0.0,0.0,0.0,
2025-07-28 02:00:00,0.0,0.0,0.0,0.0,
2025-07-28 03:00:00,0.0,0.0,0.0,0.0,
2025-07-28 04:00:00,0.0,0.0,0.0,0.0,
2025-07-28 05:00:00,2.5081944302734022e-06,0.0,0.0,0.0,
2025-07-28 06:00:00,0.0,0.0,0.0,0.0,
2025-07-28 07:00:00,3.586935812089426e-06,0.0,0.0,0.0,
2025-07-28 08:00:00,0.0,0.0,0.0,0.0,
2025-07-28 09:00:00,0.0,0.0,0.0,0.0,
2025-07-28 10:00:00,0.0,0.0,0.0,0.0,
2025-07-28 11:00:00,0.0,0.0,0.0,0.0,
2025-07-28 12:00:00,0.0,0.0,0.0,0.0,
2025-07-28 13:00:00,0.0,0.0,0.0,0.0,
2025-07-28 14:00:00,0.0,0.0,0.0,0.0,
2025-07-28 15:00:00,0.0,0.0,0.0,0.0,
2025-07-28 16:00:00,-3.7323420468121107e-06,0.0,0.0,0.0,
2025-07-28 17:00:00,0.0,0.0,0.0,0.0,
2025-07-28 18:00:00,0.0,0.0,0.0,0.0,
2025-07-28 19:00:00,0.0,0.0,0.0,0.0,
2025-07-28 20:00:00,0.0,0.0,0.0,0.0,
2025-07-28 21:00:00,0.0,0.0,0.0,0.0,
2025-07-28 22:00:00,0.0,0.0,0.0,0.0,
2025-07-28 23:00:00,0.0,0.0,0.0,0.0,
2025-07-29 00:00:00,0.0,0.0,0.0,0.0,
2025-07-29 01:00:00,0.0,0.0,0.0,0.0,
2025-07-29 02:00:00,0.0,0.0,0.0,0.0,
2025-07-29 03:00:00,0.0,0.0,0.0,0.0,
2025-07-29 04:00:00,-9.838288360489466e-06,0.0,0.0,0.0,
2025-07-29 05:00:00,0.0,0.0,0.0,0.0,
2025-07-29 06:00:00,0.0,0.0,0.0,0.0,
2025-07-29 07:00:00,0.0,0.0,0.0,0.0,
2025-07-29 08:00:00,0.0,0.0,0.0,0.0,
2025-07-29 09:00:00,0.0,0.0,0.0,0.0,
2025-07-29 10:00:00,0.0,0.0,0.0,0.0,
2025-07-29 11:00:00,0.0,0.0,0.0,0.0,
2025-07-29 12:00:00,0.0,0.0,0.0,0.0,
2025-07-29 13:00:00,0.0,0.0,0.0,0.0,
2025-07-29 14:00:00,0.0,0.0,0.0,0.0,
2025-07-29 15:00:00,0.0,0.0,0.0,0.0,
2025-07-29 16:00:00,0.0,0.0,0.0,0.0,
2025-07-29 17:00:00,0.0,0.0,0.0,0.0,
2025-07-29 18:00:00,0.0,0.0,0.0,0.0,
2025-07-29 19:00:00,0.0,0.0,0.0,0.0,
2025-07-29 20:00:00,0.0,0.0,0.0,0.0,
2025-07-29 21:00:00,0.0,0.0,0.0,0.0,
2025-07-29 22:00:00,0.0,0.0,0.0,0.0,
2025-07-29 23:00:00,0.0,0.0,0.0,0.0,
2025-07-30 00:00:00,0.0,0.0,0.0,0.0,
2025-07-30 01:00:00,0.0,0.0,0.0,0.0,
2025-07-30 02:00:00,0.0,0.0,0.0,0.0,
2025-07-30 03:00:00,0.0,0.0,0.0,0.0,
2025-07-30 04:00:00,0.0,0.0,0.0,0.0,
2025-07-30 05:00:00,0.0,0.0,0.0,0.0,
2025-07-30 06:00:00,0.0,0.0,0.0,0.0,
2025-07-30 07:00:00,0.0,0.0,0.0,0.0,
2025-07-30 08:00:00,0.0,0.0,0.0,0.0,
2025-07-30 09:00:00,0.0,0.0,0.0,0.0,
2025-07-30 10:00:00,0.0,0.0,0.0,0.0,
2025-07-30 11:00:00,0.0,0.0,0.0,0.0,
2025-07-30 12:00:00,-2.7649844770709743e-06,0.0,0.0,0.0,
2025-07-30 13:00:00,0.0,0.0,0.0,0.0,
2025-07-30 14:00:00,0.0,0.0,0.0,0.0,
2025-07-30 15:00:00,-5.094258796743231e-06,0.0,0.0,0.0,
2025-07-30 16:00:00,0.0,0.0,0.0,0.0,
2025-07-30 17:00:00,0.0,0.0,0.0,0.0,
2025-07-30 18:00:00,0.0,0.0,0.002266029368638975,0.0,
2025-07-30 19:00:00,-8.435488797691916e-06,0.0,0.0,0.0,
2025-07-30 20:00:00,0.0,0.0,0.0,1.573334488825906e-06,
2025-07-30 21:00:00,0.0,0.0,0.0,0.0,
2025-07-30 22:00:00,0.0,0.0,0.0,0.0,
2025-07-30 23:00:00,0.0,0.0,0.0,0.0,
2025-07-31 00:00:00,0.0,0.0,0.0,0.0,
2025-07-31 01:00:00,-4.726424821022038e-07,0.0,0.0,0.0,
2025-07-31 02:00:00,0.0,0.0,0.0,0.0,
2025-07-31 03:00:00,-4.274386859874993e-06,0.0,0.0,0.0,
2025-07-31 04:00:00,0.0,0.0,0.0,0.0,
2025-07-31 05:00:00,0.0,0.0,0.0,0.0,
2025-07-31 06:00:00,0.0,0.0,0.0,0.0,
2025-07-31 07:00:00,0.0,0.0,0.0,0.0,
2025-07-31 08:00:00,0.0,0.0,0.0,0.0,
2025-07-31 09:00:00,1.6807689962516956e-07,0.0,0.0,0.0,
2025-07-31 10:00:00,0.0,0.0,0.0,0.0,
2025-07-31 11:00:00,0.0,0.0,0.0,0.0,
2025-07-31 12:00:00,0.0,0.0,0.0,0.0,
2025-07-31 13:00:00,0.0,0.0,0.0,0.0,
2025-07-31 14:00:00,0.0,0.0,0.0,0.0,
2025-07-31 15:00:00,6.489778380621324e-06,0.0,0.0,0.0,
2025-07-31 16:00:00,0.0,0.0,0.0,0.0,
2025-07-31 17:00:00,0.0,0.0,0.0,0.0,
2025-07-31 18:00:00,3.5195475069370413e-06,0.0,0.0,0.0,
2025-07-31 19:00:00,0.0,0.0,0.0,0.0,
2025-07-31 20:00:00,0.0,0.0,0.0,0.0,
2025-07-31 21:00:00,1.994404418730751e-05,0.0,0.0,0.0,
2025-07-31 22:00:00,-1.0948064657618665e-05,0.0,0.0,0.0,
2025-07-31 23:00:00,0.0,0.0,0.0,0.0,
2025-08-01 00:00:00,2.244828428566292e-05,0.0,0.0,0.0,
2025-08-01 01:00:00,0.0,0.0,0.0,0.0,
2025-08-01 02:00:00,0.0,0.0,0.0,0.0,
2025-08-01 03:00:00,0.0,0.0,0.0,0.0,
2025-08-01 04:00:00,0.0,0.0,0.0,0.0,
2025-08-01 05:00:00,0.0,0.0,0.0,0.0,
2025-08-01 06:00:00,0.0,0.0,0.0,0.0,
2025-08-01 07:00:00,0.0,0.0,0.0,0.0,
2025-08-01 08:00:00,0.0,0.0,0.0,0.0,
2025-08-01 09:00:00,-6.093107284294722e-07,0.0,0.0,0.0,
2025-08-01 10:00:00,0.0,0.0,0.0,0.0,
2025-08-01 11:00:00,0.0,0.0,0.0,0.0,
2025-08-01 12:00:00,0.0,0.0,0.0,0.0,
2025-08-01 13:00:00,-1.8072394862097987e-05,0.0,0.0,0.0,
2025-08-01 14:00:00,0.0,0.0,0.0,0.0,
2025-08-01 15:00:00,0.0,0.0,0.0,0.0,
2025-08-01 16:00:00,1.5724522844714762e-05,0.0,0.0,0.0,
2025-08-01 17:00:00,0.0,0.0,0.0,0.0,
2025-08-01 18:00:00,0.0,0.0,0.0,0.0,
2025-08-01 19:00:00,0.0,0.0,0.0,0.0,
2025-08-01 20:00:00,0.0,0.0,0.0,0.0,
2025-08-01 21:00:00,0.0,0.0,0.0,0.0,
2025-08-01 22:00:00,0.0,0.0,0.0,0.0003015938099740349,
2025-08-01 23:00:00,0.0,0.0,0.0,0.0,
2025-08-02 00:00:00,0.0,0.0,0.0,0.0,
2025-08-02 01:00:00,0.0,0.0,0.0,0.0,
2025-08-02 02:00:00,0.0,0.0,0.0,0.0,
2025-08-02 03:00:00,0.0,0.0,0.0,0.0,
2025-08-02 04:00:00,-2.2302972880981673e-08,0.0,0.0,0.0,
2025-08-02 05:00:00,0.0,0.0,0.0,0.0,
2025-08-02 06:00:00,0.0,0.0,0.0,0.0,
2025-08-02 07:00:00,0.0,0.0,0.0,0.0,
2025-08-02 08:00:00,0.0,0.0,0.0,0.0,
2025-08-02 09:00:00,0.0,0.0,0.0,0.0,
2025-08-02 10:00:00,0.0,0.0,0.0,0.0,
2025-08-02 11:00:00,0.0,0.0,0.0,0.0,
2025-08-02 12:00:00,0.0,0.0,0.0,0.0,
2025-08-02 13:00:00,0.0,0.0,0.0,0.0,
2025-08-02 14:00:00,0.0,0.0,0.0,0.0,
2025-08-02 15:00:00,0.0,0.0,0.0,0.0,
2025-08-02 16:00:00,0.0,0.0,0.0,0.0,
2025-08-02 17:00:00,0.0,0.0,0.0,0.0,
2025-08-02 18:00:00,0.0,0.0,0.0,0.0,
2025-08-02 19:00:00,0.0,0.0,0.0,0.0,
2025-08-02 20:00:00,0.0,0.0,0.0,0.0,
2025-08-02 21:00:00,0.0,0.0,0.0,0.0,
2025-08-02 22:00:00,0.0,0.0,0.0,0.0,
2025-08-02 23:00:00,0.0,0.0,0.0,0.0,
2025-08-03 00:00:00,0.0,0.0,0.0,0.0,
2025-08-03 01:00:00,0.0,0.0,0.0,0.0,
2025-08-03 02:00:00,0.0,0.0,0.0,0.0,
2025-08-03 03:00:00,0.0,0.0,0.0,0.0,
2025-08-03 04:00:00,0.0,0.0,0.0,0.0,
2025-08-03 05:00:00,0.0,0.0,0.0,0.0,
2025-08-03 06:00:00,0.0,0.0,0.0,0.0,
2025-08-03 07:00:00,0.0,0.0,0.0,0.0,
2025-08-03 08:00:00,7.94871624081847e-06,0.0,0.0,0.0,
2025-08-03 09:00:00,0.0,0.0,0.0,0.0,
2025-08-03 10:00:00,0.0,0.0,0.0,0.0,
2025-08-03 11:00:00,0.0,0.0,0.0,0.0,
2025-08-03 12:00:00,0.0,0.0,0.0,0.0,
2025-08-03 13:00:00,0.0,0.0,0.0,0.0,
2025-08-03 14:00:00,0.0,0.0,0.0,0.0,
2025-08-03 15:00:00,1.8720379329578774e-06,0.0,0.0,0.0,
2025-08-03 16:00:00,0.0,0.0,0.0,0.0,
2025-08-03 17:00:00,0.0,0.0,0.0,0.0,
2025-08-03 18:00:00,0.0,0.0,0.0,0.0,
2025-08-03 19:00:00,0.0,0.0,0.0,0.0,
2025-08-03 20:00:00,0.0,0.0,0.0,0.0,
2025-08-03 21:00:00,0.0,0.0,0.0,0.0,
2025-08-03 22:00:00,0.0,0.0,0.0,0.0,
2025-08-03 23:00:00,0.0,0.0,0.0,0.0,
2025-08-04 00:00:00,0.0,0.0,0.0,0.0,
2025-08-04 01:00:00,0.0,0.0,0.0,0.0,
2025-08-04 02:00:00,0.0,0.0,0.0,0.0,
2025-08-04 03:00:00,0.0,0.0,0.0,0.0,
2025-08-04 04:00:00,0.0,0.0,0.0,0.0,
2025-08-04 05:00:00,0.0,0.0,0.0,0.0,
2025-08-04 06:00:00,0.0,0.0,0.0,0.0,
2025-08-04 07:00:00,0.0,0.0,0.0,0.0,
2025-08-04 08:00:00,0.0,0.0,0.0,0.0,
2025-08-04 09:00:00,0.0,0.0,0.0,0.0,
2025-08-04 10:00:00,0.0,0.0,0.0,0.0,
2025-08-04 11:00:00,0.0,0.0,0.0,0.0,
2025-08-04 12:00:00,0.0,0.0,0.0,0.0,
2025-08-04 13:00:00,0.0,0.0,0.0,0.0,
2025-08-04 14:00:00,0.0,0.0,0.0,0.0,
2025-08-04 15:00:00,0.0,0.0,0.0,0.0,
2025-08-04 16:00:00,0.0,0.0,0.0,0.0,
2025-08-04 17:00:00,0.0,0.0,0.0,0.0,
2025-08-04 18:00:00,0.0,0.0,0.0,0.0,
2025-08-04 19:00:00,-2.6508484746223545e-06,0.0,0.0,0.0,
2025-08-04 20:00:00,0.0,0.0,0.0,0.0,
2025-08-04 21:00:00,0.0,0.0,0.0,0.0,
2025-08-04 22:00:00,0.0,0.0,0.0,0.0,
2025-08-04 23:00:00,-1.9330847062995206e-06,0.0,0.0,0.0,
2025-08-05 00:00:00,-3.157935286059006e-05,0.0,0.0,0.0,
2025-08-05 01:00:00,5.1343687334316287e-05,0.0,0.0,0.0,
2025-08-05 02:00:00,0.0,0.0,0.0,0.0,
2025-08-05 03:00:00,0.0,0.0,0.0,0.0,
2025-08-05 04:00:00,0.0,0.0,0.0,0.0,
2025-08-05 05:00:00,0.0,0.0,0.0,0.0,
2025-08-05 06:00:00,6.316545551206497e-06,0.0,0.0,0.0,
2025-08-05 07:00:00,0.0,0.0,0.0,0.0,
2025-08-05 08:00:00,0.0,0.0,0.0,0.0,
2025-08-05 09:00:00,0.00011012635747727494,0.0,0.0,0.0,
2025-08-05 10:00:00,0.0,0.0,0.0,0.0,
2025-08-05 11:00:00,0.0,0.0,0.0,0.0,
2025-08-05 12:00:00,0.0,0.0,0.0,0.0,
2025-08-05 13:00:00,0.0,0.0,0.0,0.0,
2025-08-05 14:00:00,0.0,0.0,0.0,0.0,
2025-08-05 15:00:00,0.0,0.0,0.0,0.0,
2025-08-05 16:00:00,0.0,0.0,0.0,0.0,
2025-08-05 17:00:00,-0.000452700366874434,0.0,0.0,0.0,
2025-08-05 18:00:00,-6.35013295431674e-05,0.0,-0.00040576245650278105,0.0,
2025-08-05 19:00:00,0.0,0.0,0.0,0.0,
2025-08-05 20:00:00,7.62297020615289e-05,0.0,0.0,0.0,
2025-08-05 21:00:00,0.0,0.0,0.0,0.0,
2025-08-05 22:00:00,0.0,0.0,0.0,0.0,
2025-08-05 23:00:00,0.0,0.0,0.0,0.0,
2025-08-06 00:00:00,0.0,0.0,0.0,0.0,
2025-08-06 01:00:00,0.00015494182288330484,0.0,0.0,0.0,
2025-08-06 02:00:00,-7.403849459425897e-05,0.0,0.0,0.0,
2025-08-06 03:00:00,0.0,0.0,0.0,0.0,
2025-08-06 04:00:00,0.0,0.0,0.0,0.0,
2025-08-06 05:00:00,0.0,0.0,0.0,0.0,
2025-08-06 06:00:00,0.0,0.0,0.0,0.0,
2025-08-06 07:00:00,0.0,0.0,0.0,0.0,
2025-08-06 08:00:00,2.6901279641650296e-05,0.0,0.0,0.0,
2025-08-06 09:00:00,-9.311699189266884e-05,0.0,0.0,0.0,
2025-08-06 10:00:00,4.537232729145686e-06,0.0,0.0,0.0,
2025-08-06 11:00:00,0.0,0.0,0.0,0.0,
2025-08-06 12:00:00,0.0,0.0,0.0,0.0,
2025-08-06 13:00:00,0.0,0.0,0.0,0.0,
2025-08-06 14:00:00,0.0,-0.00015693986620469495,0.0,0.0,
2025-08-06 15:00:00,-7.198210392605922e-05,0.0,0.0,0.0,
2025-08-06 16:00:00,0.0,0.0,0.0,0.0,
2025-08-06 17:00:00,0.0,0.0,0.0,0.0,
2025-08-06 18:00:00,0.0,0.0,0.0,0.0,
2025-08-06 19:00:00,0.0,0.0,0.0,0.0,
2025-08-06 20:00:00,0.0,0.0,0.0,0.0,
2025-08-06 21:00:00,-1.2917877126507763e-05,0.0,0.0,0.0,
2025-08-06 22:00:00,0.0,0.0,0.0,0.0,
2025-08-06 23:00:00,0.0,0.0,0.0,0.0,
2025-08-07 00:00:00,0.0,0.0,0.0,0.0,
2025-08-07 01:00:00,-3.0526386622593078e-06,0.0,0.0,0.0,
2025-08-07 02:00:00,0.0,0.0,0.0,0.0,
2025-08-07 03:00:00,0.0,0.0,0.0,0.0,
2025-08-07 04:00:00,-8.18702217431194e-06,0.0,0.0,0.0,
2025-08-07 05:00:00,0.0,0.0,0.0,0.0,
2025-08-07 06:00:00,-1.0394290786172233e-05,0.0,0.0,0.0,
2025-08-07 07:00:00,0.0,0.0,0.0,0.0,
2025-08-07 08:00:00,0.0,0.0,0.0,0.0,
2025-08-07 09:00:00,0.0,0.0,0.0,0.0,
2025-08-07 10:00:00,0.0,0.0,0.0,0.0,
2025-08-07 11:00:00,0.0,0.0,0.0,0.0,
2025-08-07 12:00:00,0.0,0.0,0.0,0.0,
2025-08-07 13:00:00,0.0,0.0,0.0,0.0,
2025-08-07 14:00:00,0.0,0.0,0.0,0.0,
2025-08-07 15:00:00,0.0,0.0,0.0,0.0,
2025-08-07 16:00:00,0.0,0.0,0.0,0.0,
2025-08-07 17:00:00,-5.7332446890990675e-06,0.0,0.0,0.0,
2025-08-07 18:00:00,0.0,0.0,0.0,0.0,
2025-08-07 19:00:00,0.0,0.0,0.0,0.0,
2025-08-07 20:00:00,-5.590181115475474e-06,0.0,0.0,0.0,
2025-08-07 21:00:00,0.0,0.0,0.0,0.0,
2025-08-07 22:00:00,2.8931000808416225e-05,0.0,0.0,0.0,
2025-08-07 23:00:00,0.0,0.0,0.0,0.0,
2025-08-08 00:00:00,3.262135312532273e-05,0.0,0.0,0.0,
2025-08-08 01:00:00,0.0,0.0,0.0,0.0,
2025-08-08 02:00:00,0.0,0.0,0.0,0.0,
2025-08-08 03:00:00,0.0,0.0,0.0,0.0,
2025-08-08 04:00:00,0.0,0.0,0.0,0.0,
2025-08-08 05:00:00,1.332250433039697e-05,0.0,0.0,0.0,
2025-08-08 06:00:00,0.0,0.0,0.0,0.0,
2025-08-08 07:00:00,0.0,0.0,0.0,0.0,
2025-08-08 08:00:00,-7.359987873333917e-05,0.0,0.0,0.0,
2025-08-08 09:00:00,7.879080726786034e-05,0.0,0.0,0.0,
2025-08-08 10:00:00,-4.308310626106804e-06,0.0,0.0,0.0,
2025-08-08 11:00:00,0.0,0.0,0.0,0.0,
2025-08-08 12:00:00,0.0,0.0,0.0,0.0,
2025-08-08 13:00:00,0.0,0.0,0.0,0.0,
2025-08-08 14:00:00,-4.43432061337864e-05,0.0,0.0,0.0,
2025-08-08 15:00:00,0.0,0.0,0.0,0.0,
2025-08-08 16:00:00,0.0,0.0,0.0,0.0,
2025-08-08 17:00:00,0.0,0.0,0.0,0.0,
2025-08-08 18:00:00,0.0,0.0,0.0,-8.68680361869151e-05,
2025-08-08 19:00:00,1.02182710178393e-06,0.0,0.0,0.0,
2025-08-08 20:00:00,0.0,0.0,0.0,0.0,
2025-08-08 21:00:00,0.0,0.0,0.0,0.0,
2025-08-08 22:00:00,0.0,0.0,0.0,0.0,
2025-08-08 23:00:00,0.0,0.0,0.0,0.0,
2025-08-09 00:00:00,0.0,0.0,0.0,0.0,
2025-08-09 01:00:00,0.0,0.0,0.0,0.0,
2025-08-09 02:00:00,2.24040638532526e-06,0.0,0.0,0.0,
2025-08-09 03:00:00,0.0,0.0,0.0,0.0,
2025-08-09 04:00:00,0.0,0.0,0.0,0.0,
2025-08-09 05:00:00,1.9773816725849083e-05,0.0,0.0,0.0,
2025-08-09 06:00:00,-1.3464682315139597e-06,0.0,0.0,9.775620195259437e-05,
2025-08-09 07:00:00,0.0,0.0,0.0,0.0,
2025-08-09 08:00:00,0.0,0.0,0.0,0.0,
2025-08-09 09:00:00,0.0,0.0,0.0,0.0,
2025-08-09 10:00:00,-5.384110251067705e-05,0.0,0.0,0.0,
2025-08-09 11:00:00,-0.00011522035956627144,0.0,0.0,0.0,
2025-08-09 12:00:00,-1.1653638753938021e-05,0.0,0.0,0.00027484348003409964,
2025-08-09 13:00:00,1.0178814184487367e-05,0.0,0.0,0.0002637316063393045,
2025-08-09 14:00:00,0.00019395217914946274,0.0,0.0,0.0,
2025-08-09 15:00:00,-3.4354468398170494e-05,0.0,0.0,0.0,
2025-08-09 16:00:00,0.0,0.0,0.0,0.0,
2025-08-09 17:00:00,0.0,0.0,0.0,0.0,
2025-08-09 18:00:00,0.0,0.0,0.0,0.0,
2025-08-09 19:00:00,0.0,0.0,0.0,-0.0010303153831276108,
2025-08-09 20:00:00,0.0,0.0,0.0,-0.0005229483083220581,
2025-08-09 21:00:00,0.0,0.0,0.0,0.0,
2025-08-09 22:00:00,4.3320212647588115e-05,0.0,0.0,0.0,
2025-08-09 23:00:00,2.881967065899579e-05,0.0,0.0,0.0,
2025-08-10 00:00:00,0.0,0.0,0.0,0.0,
2025-08-10 01:00:00,3.8461012340433366e-05,0.0,0.0,0.0,
2025-08-10 02:00:00,0.00010026294838153,0.0,0.0,0.0,
2025-08-10 03:00:00,1.046083166275475e-05,0.0,0.0,0.0,
2025-08-10 04:00:00,0.0,0.0,0.0,0.0,
2025-08-10 05:00:00,0.0,0.0,0.0,0.0,
2025-08-10 06:00:00,0.0,0.0,0.0,0.0,
2025-08-10 07:00:00,0.0,0.0,0.0,0.0,
2025-08-10 08:00:00,0.0,0.0,0.0,0.0,
2025-08-10 09:00:00,0.0,0.0,0.0,0.0,
2025-08-10 10:00:00,0.0,0.0,0.0,0.0,
2025-08-10 11:00:00,0.0,0.0,0.0,0.0,
2025-08-10 12:00:00,0.0,0.0,0.0,0.0,
2025-08-10 13:00:00,0.0,0.0,0.0,0.0,
2025-08-10 14:00:00,0.0,0.0,0.0,0.0,
2025-08-10 15:00:00,0.0,0.0,0.0,0.0,
2025-08-10 16:00:00,0.0,0.0,0.0,0.0,
2025-08-10 17:00:00,0.0,0.0,0.0,0.0,
2025-08-10 18:00:00,0.0,0.0,0.0,0.0,
2025-08-10 19:00:00,-1.2640817226079291e-05,0.0,0.0,0.0,
2025-08-10 20:00:00,4.06625733719461e-05,0.0,0.0,0.0,
2025-08-10 21:00:00,0.0,0.0,0.0,0.0,
2025-08-10 22:00:00,0.0,0.0,0.0,0.0,
2025-08-10 23:00:00,1.720334196244904e-06,0.0,0.0,0.0,
2025-08-11 00:00:00,0.0,0.0,0.0,0.0004178305275194545,
2025-08-11 01:00:00,0.0,0.0,0.0,0.000786434752959618,
2025-08-11 02:00:00,0.0,0.0,0.0,0.0,
2025-08-11 03:00:00,-6.078725851834462e-05,0.0,0.0,0.0,
2025-08-11 04:00:00,0.0,0.0,0.0,0.0,
2025-08-11 05:00:00,-4.4111714350488477e-07,0.0,0.0,0.0,
2025-08-11 06:00:00,0.0,0.0,0.0,0.0,
2025-08-11 07:00:00,0.0,0.0,0.0,0.0,
2025-08-11 08:00:00,0.0,0.0,0.0,0.0,
2025-08-11 09:00:00,5.668758953604011e-05,0.0,0.0,0.0,
2025-08-11 10:00:00,0.0,0.0,0.0,0.0,
2025-08-11 11:00:00,0.0,0.0,0.0,0.0,
2025-08-11 12:00:00,0.0,0.0,0.0,0.0,
2025-08-11 13:00:00,1.0004027466175645e-05,0.0,0.0,0.0,
2025-08-11 14:00:00,-7.272899026116822e-07,0.0,0.0,0.0,
2025-08-11 15:00:00,0.0,0.0,0.0,0.0,
2025-08-11 16:00:00,6.497645675043879e-05,0.0,0.0,0.0,
2025-08-11 17:00:00,-5.54529529218314e-05,0.0,0.0,0.0,
2025-08-11 18:00:00,4.1283846276880636e-05,0.0,0.0,0.0,
2025-08-11 19:00:00,1.5938665063118325e-05,0.0,0.0,0.0,
2025-08-11 20:00:00,0.0,0.0,0.0,0.0,
2025-08-11 21:00:00,0.0,0.0,0.0,0.0,
2025-08-11 22:00:00,0.0,0.0,0.0,0.0,
2025-08-11 23:00:00,0.0,0.0,0.0,0.0,
2025-08-12 00:00:00,0.0,0.0,0.0,0.0,
2025-08-12 01:00:00,0.0,0.0,0.0,0.0,
2025-08-12 02:00:00,0.0,0.0,0.0,0.0,
2025-08-12 03:00:00,0.0,0.0,0.0,0.0,
2025-08-12 04:00:00,0.0,0.0,0.0,0.0,
2025-08-12 05:00:00,0.0,0.0,0.0,0.0,
2025-08-12 06:00:00,0.0,0.0,0.0,0.0,
2025-08-12 07:00:00,0.0,0.0,0.0,0.0,
2025-08-12 08:00:00,0.0,0.0,0.0,0.0,
2025-08-12 09:00:00,0.0,0.0,0.0,0.0,
2025-08-12 10:00:00,0.0,0.0,0.0,0.0,
2025-08-12 11:00:00,0.0,0.0,0.0,0.0,
2025-08-12 12:00:00,0.0,0.0,0.0,0.0,
2025-08-12 13:00:00,0.0,0.0,0.0,0.0,
2025-08-12 14:00:00,-0.00011686404363339579,0.0,0.0,0.0,
2025-08-12 15:00:00,6.79606164267633e-05,0.0,0.0,0.0,
2025-08-12 16:00:00,4.055628308850188e-05,0.0,0.0,0.0,
2025-08-12 17:00:00,0.0,0.0,0.0,0.0,
2025-08-12 18:00:00,0.0,0.0,0.0,0.0,
2025-08-12 19:00:00,0.0,0.0,0.0,0.0,
2025-08-12 20:00:00,-5.916165205194512e-05,0.0,0.0,0.000713725593124012,
2025-08-12 21:00:00,4.579254590764814e-06,0.0,0.0,0.0,
2025-08-12 22:00:00,0.0,0.0,0.0,0.0,
2025-08-12 23:00:00,0.0,0.0,0.0,0.0,
2025-08-13 00:00:00,-0.00018650042467210806,0.0,0.0,0.0,
2025-08-13 01:00:00,0.0,0.0,0.0,0.0,
2025-08-13 02:00:00,0.0,0.0,0.0,0.0,
2025-08-13 03:00:00,-5.940122964972616e-07,0.0,0.0,0.0,
2025-08-13 04:00:00,0.0,0.0,0.0,0.0,
2025-08-13 05:00:00,0.0,0.0,0.0,0.0,
2025-08-13 06:00:00,0.0,0.0,0.0,0.0,
2025-08-13 07:00:00,0.0,0.0,0.0,0.0,
2025-08-13 08:00:00,0.0,0.0,0.0,0.0,
2025-08-13 09:00:00,0.0,0.0,0.0,0.0,
2025-08-13 10:00:00,0.0,0.0,0.0,0.0,
2025-08-13 11:00:00,1.0700592484940276e-06,0.0,0.0,0.0,
2025-08-13 12:00:00,0.0,0.0,0.0,0.0,
2025-08-13 13:00:00,0.0003240738943974368,0.0,0.0,0.0,
2025-08-13 14:00:00,0.00011270881124145087,0.0,0.0,0.0,
2025-08-13 15:00:00,0.0,0.0,0.0,0.0,
2025-08-13 16:00:00,0.00011224091871284612,0.0,0.0,0.0,
2025-08-13 17:00:00,-6.2779845663375104e-06,0.0,0.0,0.0,
2025-08-13 18:00:00,0.0,0.0,0.0,0.0,
2025-08-13 19:00:00,-4.11734469183988e-05,0.0,0.0,0.0,
2025-08-13 20:00:00,0.0,0.0,0.0,0.0,
2025-08-13 21:00:00,0.0,0.0,0.0,-0.000615633335250773,
2025-08-13 22:00:00,0.0,0.0,0.0,0.0,
2025-08-13 23:00:00,0.0,0.0,0.0,0.0,
2025-08-14 00:00:00,0.0,0.0,0.0,0.0,
2025-08-14 01:00:00,0.0,0.0,0.0,0.0,
2025-08-14 02:00:00,0.0,0.0,0.0,0.0,
2025-08-14 03:00:00,-3.0171234005712742e-05,0.0,0.0,0.0,
2025-08-14 04:00:00,0.0,0.0,0.0,0.0,
2025-08-14 05:00:00,2.4764688200498656e-05,0.0,0.0,0.0,
2025-08-14 06:00:00,-2.0581722777599644e-05,0.0,-4.9908211957159476e-05,0.0,
2025-08-14 07:00:00,0.0,0.0,0.0004577168857628207,0.0,
2025-08-14 08:00:00,0.0,0.0,0.0,0.0,
2025-08-14 09:00:00,0.0,0.0,0.0,0.0,
2025-08-14 10:00:00,4.057054371243662e-05,0.0,-0.0003417063584963279,0.0,
2025-08-14 11:00:00,-3.568495831402471e-06,0.0,0.0,0.0,
2025-08-14 12:00:00,0.0,0.0,0.0,0.0,
2025-08-14 13:00:00,-1.4376028121265115e-05,0.0,0.0,0.0,
2025-08-14 14:00:00,0.0,0.0,0.0,0.0,
2025-08-14 15:00:00,0.0,0.0,0.0,0.0,
2025-08-14 16:00:00,0.0,0.0,0.0,0.0,
2025-08-14 17:00:00,0.0,0.0,0.0,0.0,
2025-08-14 18:00:00,0.0,0.0,0.0,0.0,
2025-08-14 19:00:00,0.0,0.0,0.0,0.0,
2025-08-14 20:00:00,0.0,0.0,0.0,0.0,
2025-08-14 21:00:00,0.0,0.0,0.0,0.0,
2025-08-14 22:00:00,0.0,0.0,0.0,0.0,
2025-08-14 23:00:00,0.0,0.0,0.0,0.0,
2025-08-15 00:00:00,0.0,0.0,0.0,0.0,
2025-08-15 01:00:00,0.0,0.0,0.0,0.0,
2025-08-15 02:00:00,0.0,0.0,0.0,0.0,
2025-08-15 03:00:00,0.0,0.0,0.0,0.0,
2025-08-15 04:00:00,0.0,0.0,0.0,0.0,
2025-08-15 05:00:00,0.0,0.0,0.0,0.0,
2025-08-15 06:00:00,0.0,0.0,0.0,0.0,
2025-08-15 07:00:00,1.4499450545564955e-05,0.0,0.0,0.0,
2025-08-15 08:00:00,0.0,0.0,0.0,0.0,
2025-08-15 09:00:00,0.0,0.0,0.0,0.0,
2025-08-15 10:00:00,-3.721528269415062e-05,0.0,0.0,0.0,
2025-08-15 11:00:00,0.0,0.0,0.0,0.0,
2025-08-15 12:00:00,0.0,0.0,0.0,0.0,
2025-08-15 13:00:00,0.0,0.0,0.0,0.0,
2025-08-15 14:00:00,0.0,0.0,0.0,0.0,
2025-08-15 15:00:00,0.0,0.0,0.0,0.0,
2025-08-15 16:00:00,0.0,0.0,0.0,0.0,
2025-08-15 17:00:00,0.0,0.0,0.0,0.0,
2025-08-15 18:00:00,0.0,0.0,0.0,0.0,
2025-08-15 19:00:00,0.0,0.0,0.0,0.0,
2025-08-15 20:00:00,0.0,0.0,0.0,0.0,
2025-08-15 21:00:00,0.0,0.0,0.0,0.0,
2025-08-15 22:00:00,0.0,0.0,0.0,0.0,
2025-08-15 23:00:00,0.0,0.0,0.0,0.0,
2025-08-16 00:00:00,0.0,0.0,0.0,0.0,
2025-08-16 01:00:00,0.0,0.0,0.0,0.0,
2025-08-16 02:00:00,0.0,0.0,0.0,0.0,
2025-08-16 03:00:00,0.0,0.0,0.0,0.0,
2025-08-16 04:00:00,0.0,0.0,0.0,0.0,
2025-08-16 05:00:00,0.0,0.0,0.0,0.0,
2025-08-16 06:00:00,0.0,0.0,0.0,0.0,
2025-08-16 07:00:00,0.0,0.0,0.0,0.0,
2025-08-16 08:00:00,0.0,0.0,0.0,0.0,
2025-08-16 09:00:00,0.0,0.0,0.0,0.0,
2025-08-16 10:00:00,0.0,0.0,0.0,0.0,
2025-08-16 11:00:00,0.0,0.0,0.0,0.0,
2025-08-16 12:00:00,4.593464225565816e-06,0.0,0.0,0.0,
2025-08-16 13:00:00,0.0,0.0,0.0,0.0,
2025-08-16 14:00:00,0.0,0.0,0.0,0.0,
2025-08-16 15:00:00,0.0,0.0,0.0,0.0,
2025-08-16 16:00:00,0.0,0.0,0.0,0.0,
2025-08-16 17:00:00,0.0,0.0,0.0,0.0,
2025-08-16 18:00:00,0.0,0.0,0.0,0.0,
2025-08-16 19:00:00,0.0,0.0,0.0,0.0,
2025-08-16 20:00:00,0.0,0.0,0.0,0.0,
2025-08-16 21:00:00,0.0,0.0,0.0,0.0,
2025-08-16 22:00:00,0.0,0.0,0.0,0.0,
2025-08-16 23:00:00,0.0,0.0,0.0,0.0,
2025-08-17 00:00:00,0.0,0.0,0.0,0.0,
2025-08-17 01:00:00,0.0,0.0,0.0,0.0,
2025-08-17 02:00:00,0.0,0.0,0.0,0.0,
2025-08-17 03:00:00,0.0,0.0,0.0,0.0,
2025-08-17 04:00:00,0.0,0.0,0.0,0.0,
2025-08-17 05:00:00,0.0,0.0,0.0,0.0,
2025-08-17 06:00:00,8.759854233505287e-06,0.0,0.0,0.0,
2025-08-17 07:00:00,0.0,0.0,0.0,0.0,
2025-08-17 08:00:00,0.0,0.0,0.0,0.0,
2025-08-17 09:00:00,0.0,0.0,0.0,0.0,
2025-08-17 10:00:00,0.0,0.0,0.0,0.0,
2025-08-17 11:00:00,0.0,0.0,0.0,0.0,
2025-08-17 12:00:00,0.0,0.0,0.0,0.0,
2025-08-17 13:00:00,0.0,0.0,0.0,0.0,
2025-08-17 14:00:00,0.0,0.0,0.0,0.0,
2025-08-17 15:00:00,0.0,0.0,0.0,0.0,
2025-08-17 16:00:00,0.0,0.0,0.0,0.0,
2025-08-17 17:00:00,0.0,0.0,0.0,0.0,
2025-08-17 18:00:00,0.0,0.0,0.0,0.0,
2025-08-17 19:00:00,0.0,0.0,0.0,0.0,
2025-08-17 20:00:00,0.0,0.0,0.0,0.0,
2025-08-17 21:00:00,0.0,0.0,0.0,0.0,
2025-08-17 22:00:00,0.0,0.0,0.0,0.0,
2025-08-17 23:00:00,0.0,0.0,0.0,0.0,
2025-08-18 00:00:00,0.0,0.0,0.0,0.0,
2025-08-18 01:00:00,0.0,0.0,0.0,0.0,
2025-08-18 02:00:00,0.0,0.0,0.0,0.0,
2025-08-18 03:00:00,0.0,0.0,0.0,0.0,
2025-08-18 04:00:00,0.0,0.0,0.0,0.0,
2025-08-18 05:00:00,0.0,0.0,0.0,0.0,
2025-08-18 06:00:00,0.0,0.0,0.0,0.0,
2025-08-18 07:00:00,0.0,0.0,0.0,0.0,
2025-08-18 08:00:00,0.0,0.0,0.0,0.0,
2025-08-18 09:00:00,0.0,0.0,0.0,0.0,
2025-08-18 10:00:00,0.0,0.0,0.0,0.0,
2025-08-18 11:00:00,0.0,0.0,0.0,0.0,
2025-08-18 12:00:00,0.0,0.0,0.0,0.0,
2025-08-18 13:00:00,0.0,0.0,0.0,0.0,
2025-08-18 14:00:00,0.0,0.0,0.0,0.0,
2025-08-18 15:00:00,0.0,0.0,0.0,0.0,
2025-08-18 16:00:00,0.0,0.0,0.0,0.0,
2025-08-18 17:00:00,0.0,0.0,0.0,0.0,
2025-08-18 18:00:00,0.0,0.0,0.0,0.0,
2025-08-18 19:00:00,0.0,0.0,0.0,0.0,
2025-08-18 20:00:00,0.0,0.0,0.0,0.0,
2025-08-18 21:00:00,0.0,0.0,0.0,0.0,
2025-08-18 22:00:00,0.0,0.0,0.0,0.0,
2025-08-18 23:00:00,0.0,0.0,0.0,0.0,
2025-08-19 00:00:00,0.0,0.0,0.0,0.0,
2025-08-19 01:00:00,0.0,0.0,0.0,0.0,
2025-08-19 02:00:00,0.0,0.0,0.0,0.0,
2025-08-19 03:00:00,0.0,0.0,0.0,0.0,
2025-08-19 04:00:00,0.0,0.0,0.0,0.0,
2025-08-19 05:00:00,0.0,0.0,0.0,0.0,
2025-08-19 06:00:00,0.0,0.0,0.0,0.0,
2025-08-19 07:00:00,0.0,0.0,0.0,0.0,
2025-08-19 08:00:00,0.0,0.0,0.0,0.0,
2025-08-19 09:00:00,0.0,0.0,0.0,0.0,
2025-08-19 10:00:00,0.0,0.0,0.0,0.0,
2025-08-19 11:00:00,0.0,0.0,0.0,0.0,
2025-08-19 12:00:00,0.0,0.0,0.0,0.0,
2025-08-19 13:00:00,0.0,0.0,0.0,0.0,
2025-08-19 14:00:00,0.0,0.0,0.0,0.0,
2025-08-19 15:00:00,0.0,0.0,0.0,0.0,
2025-08-19 16:00:00,0.0,0.0,0.0,0.0,
2025-08-19 17:00:00,0.0,0.0,0.0,0.0,
2025-08-19 18:00:00,0.0,0.0,0.0,0.0,
2025-08-19 19:00:00,0.0,0.0,0.0,0.0,
2025-08-19 20:00:00,0.0,0.0,0.0,0.0,
2025-08-19 21:00:00,0.0,0.0,0.0,0.0,
2025-08-19 22:00:00,0.0,0.0,0.0,0.0,
2025-08-19 23:00:00,0.0,0.0,0.0,0.0,
2025-08-20 00:00:00,0.0,0.0,0.0,0.0,
2025-08-20 01:00:00,0.0,0.0,0.0,0.0,
2025-08-20 02:00:00,0.0,0.0,0.0,0.0,
2025-08-20 03:00:00,0.0,0.0,0.0,0.0,
2025-08-20 04:00:00,0.0,0.0,0.0,0.0,
2025-08-20 05:00:00,0.0,0.0,0.0,0.0,
2025-08-20 06:00:00,0.0,0.0,0.0,0.0,
2025-08-20 07:00:00,0.0,0.0,0.0,0.0,
2025-08-20 08:00:00,0.0,0.0,0.0,0.0,
2025-08-20 09:00:00,0.0,0.0,0.0,0.0,
2025-08-20 10:00:00,0.0,0.0,0.0,0.0,
2025-08-20 11:00:00,0.0,0.0,0.0,0.0,
2025-08-20 12:00:00,0.0,,0.0,,0.0
2025-08-20 13:00:00,0.0,,0.0,,0.0
2025-08-20 14:00:00,0.0,,0.0,,0.0
2025-08-20 15:00:00,2.458321068771004e-05,,0.0,,0.0
2025-08-20 16:00:00,0.0,,0.0,,0.0
2025-08-20 17:00:00,0.0,,0.0,,0.0
2025-08-20 18:00:00,0.0,,0.0,,0.0
2025-08-20 19:00:00,0.0,,0.0,,0.0
2025-08-20 20:00:00,0.0,,0.0,,0.0
2025-08-20 21:00:00,0.0,,0.0,,0.0
2025-08-20 22:00:00,0.0,,0.0,,0.0
2025-08-20 23:00:00,0.0,,0.0,,0.0
2025-08-21 00:00:00,0.0,,0.0,,0.0
2025-08-21 01:00:00,0.0,,0.0,,0.0
2025-08-21 02:00:00,0.0,,0.0,,0.0
2025-08-21 03:00:00,1.0088614796883309e-06,,0.0,,0.0
2025-08-21 04:00:00,0.0,,0.0,,0.0
2025-08-21 05:00:00,0.0,,0.0,,0.0
2025-08-21 06:00:00,0.0,,0.0,,0.0
2025-08-21 07:00:00,0.0,,0.0,,0.0
2025-08-21 08:00:00,0.0,,0.0,,0.0
2025-08-21 09:00:00,0.0,,0.0,,0.0
2025-08-21 10:00:00,0.0,,0.0,,0.0
2025-08-21 11:00:00,0.0,,0.0,,0.0
2025-08-21 12:00:00,0.0,,0.0,,0.0
2025-08-21 13:00:00,0.0,,0.0,,0.0
2025-08-21 14:00:00,0.0,,0.0,,0.0
2025-08-21 15:00:00,0.0,,0.0,,0.0
2025-08-21 16:00:00,0.0,,0.0,,0.0
2025-08-21 17:00:00,0.0,,0.0,,0.0
2025-08-21 18:00:00,0.0,,0.0,,0.0
2025-08-21 19:00:00,0.0,,0.0,,0.0
2025-08-21 20:00:00,0.0,,0.0,,0.0
2025-08-21 21:00:00,0.0,,0.0,,0.0
2025-08-21 22:00:00,0.0,,0.0,,0.0
2025-08-21 23:00:00,-1.7935200840928946e-06,,0.0,,0.0
2025-08-22 00:00:00,0.0,,0.0,,0.0
2025-08-22 01:00:00,0.0,,0.0,,0.0
2025-08-22 02:00:00,0.0,,0.0,,0.0
2025-08-22 03:00:00,0.0,,0.0,,0.0
2025-08-22 04:00:00,0.0,,0.0,,0.0
2025-08-22 05:00:00,0.0,,0.0,,0.0
2025-08-22 06:00:00,0.0,,0.0,,0.0
2025-08-22 07:00:00,0.0,,0.0,,0.0
2025-08-22 08:00:00,0.0,,0.0,,0.0
2025-08-22 09:00:00,0.0,,0.0,,0.0
2025-08-22 10:00:00,0.0,,0.0,,0.0
2025-08-22 11:00:00,0.0,,0.0,,0.0
2025-08-22 12:00:00,0.0,,0.0,,0.0
2025-08-22 13:00:00,-3.226057961898063e-05,,0.0,,0.0
2025-08-22 14:00:00,-0.00013275068532911895,,0.0,,0.0
2025-08-22 15:00:00,1.4567629118384666e-05,,0.0,,0.0
2025-08-22 16:00:00,0.0,,0.0,,0.0
2025-08-22 17:00:00,1.8071145656537992e-05,,0.0,,0.0
2025-08-22 18:00:00,0.0,,0.0,,0.0
2025-08-22 19:00:00,0.0,,0.0,,0.0
2025-08-22 20:00:00,0.0,,0.0,,0.0
2025-08-22 21:00:00,0.0,,0.0,,0.0
2025-08-22 22:00:00,0.0,,0.0,,0.0
2025-08-22 23:00:00,0.0,,0.0,,0.0
2025-08-23 00:00:00,0.0,,0.0,,0.0
2025-08-23 01:00:00,0.0,,0.0,,0.0
2025-08-23 02:00:00,0.0,,0.0,,0.0
2025-08-23 03:00:00,0.0,,0.0,,0.0
2025-08-23 04:00:00,0.0,,0.0,,0.0
2025-08-23 05:00:00,0.0,,0.0,,0.0
2025-08-23 06:00:00,0.0,,0.0,,0.0
2025-08-23 07:00:00,0.0,,0.0,,0.0
2025-08-23 08:00:00,0.0,,0.0,,0.0
2025-08-23 09:00:00,0.0,,0.0,,0.0
2025-08-23 10:00:00,0.0,,0.0,,0.0
2025-08-23 11:00:00,0.0,,0.0,,0.0
2025-08-23 12:00:00,0.0,,0.0,,0.0
2025-08-23 13:00:00,0.0,,0.0,,0.0
2025-08-23 14:00:00,0.0,,0.0,,0.0
2025-08-23 15:00:00,0.0,,0.0,,0.0
2025-08-23 16:00:00,0.0,,0.0,,0.0
2025-08-23 17:00:00,0.0,,0.0,,0.0
2025-08-23 18:00:00,0.0,,0.0,,0.0
2025-08-23 19:00:00,0.0,,0.0,,0.0
2025-08-23 20:00:00,0.0,,0.0,,0.0
2025-08-23 21:00:00,0.0,,0.0,,0.0
2025-08-23 22:00:00,0.0,,0.0,,0.0
2025-08-23 23:00:00,0.0,,0.0,,0.0
2025-08-24 00:00:00,0.0,,0.0,,0.0
2025-08-24 01:00:00,0.0,,0.0,,0.0
2025-08-24 02:00:00,0.0,,0.0,,0.0
2025-08-24 03:00:00,0.0,,0.0,,0.0
2025-08-24 04:00:00,0.0,,0.0,,0.0
2025-08-24 05:00:00,0.0,,0.0,,0.0
2025-08-24 06:00:00,0.0,,0.0,,0.0
2025-08-24 07:00:00,0.0,,0.0,,0.0
2025-08-24 08:00:00,0.0,,0.0,,0.0
2025-08-24 09:00:00,0.0,,0.0,,0.0
2025-08-24 10:00:00,0.0,,0.0,,0.0
2025-08-24 11:00:00,0.0,,0.0,,0.0
2025-08-24 12:00:00,0.0,,0.0,,0.0
2025-08-24 13:00:00,0.0,,0.0,,0.0
2025-08-24 14:00:00,0.0,,0.0,,0.0
2025-08-24 15:00:00,0.0,,0.0,,0.0
2025-08-24 16:00:00,0.0,,0.0,,0.0
2025-08-24 17:00:00,0.0,,0.0,,0.0
2025-08-24 18:00:00,0.0,,0.0,,0.0
2025-08-24 19:00:00,0.0,,0.0,,0.0
2025-08-24 20:00:00,0.0,,0.0,,0.0
2025-08-24 21:00:00,0.0,,0.0,,0.0
2025-08-24 22:00:00,0.0,,0.0,,0.0
2025-08-24 23:00:00,0.0,,0.0,,0.0
2025-08-25 00:00:00,0.0,,0.0,,0.0
2025-08-25 01:00:00,0.0,,0.0,,0.0
2025-08-25 02:00:00,0.0,,0.0,,0.0
2025-08-25 03:00:00,6.760607631976974e-06,,0.0,,0.0
2025-08-25 04:00:00,0.0,,0.0,,0.0
2025-08-25 05:00:00,0.0,,0.0,,0.0
2025-08-25 06:00:00,0.0,,0.0,,0.0
2025-08-25 07:00:00,0.0,,0.0,,0.0
2025-08-25 08:00:00,0.0,,0.0,,0.0
2025-08-25 09:00:00,0.0,,0.0,,0.0
2025-08-25 10:00:00,0.0,,0.0,,0.0
2025-08-25 11:00:00,0.0,,0.0,,0.0
2025-08-25 12:00:00,0.0,,0.0,,0.0
2025-08-25 13:00:00,0.0,,0.0,,0.0
2025-08-25 14:00:00,0.0,,0.0,,0.0
2025-08-25 15:00:00,0.0,,0.0,,0.0
2025-08-25 16:00:00,0.0,,0.0,,0.0
2025-08-25 17:00:00,0.0,,0.0,,0.0
2025-08-25 18:00:00,0.0,,0.0,,0.0
2025-08-25 19:00:00,0.0,,0.0,,0.0
2025-08-25 20:00:00,0.0,,0.0,,0.0
2025-08-25 21:00:00,0.0,,0.0,,0.0
2025-08-25 22:00:00,-6.103897666456195e-06,,0.0,,0.0
2025-08-25 23:00:00,0.0,,0.0,,0.0
2025-08-26 00:00:00,0.0,,0.0,,0.0
2025-08-26 01:00:00,0.0,,0.0,,0.0
2025-08-26 02:00:00,0.0,,0.0,,0.0
2025-08-26 03:00:00,0.0,,0.0,,0.0
2025-08-26 04:00:00,0.0,,0.0,,0.0
2025-08-26 05:00:00,0.0,,0.0,,0.0
2025-08-26 06:00:00,0.0,,0.0,,0.0
2025-08-26 07:00:00,0.0,,0.0,,0.0
2025-08-26 08:00:00,0.0,,0.0,,0.0
2025-08-26 09:00:00,0.0,,0.0,,0.0
2025-08-26 10:00:00,0.0,,0.0,,0.0
2025-08-26 11:00:00,0.0,,0.0,,0.0
2025-08-26 12:00:00,0.0,,0.0,,0.0
2025-08-26 13:00:00,0.0,,0.0,,0.0
2025-08-26 14:00:00,0.0,,0.0,,0.0
2025-08-26 15:00:00,0.0,,0.0,,0.0
2025-08-26 16:00:00,0.0,,0.0,,0.0
2025-08-26 17:00:00,0.0,,0.0,,0.0
2025-08-26 18:00:00,0.0,,0.0,,0.0
2025-08-26 19:00:00,0.0,,0.0,,0.0
2025-08-26 20:00:00,0.0,,0.0,,0.0
2025-08-26 21:00:00,0.0,,0.0,,0.0
2025-08-26 22:00:00,0.0,,0.0,,0.0
2025-08-26 23:00:00,0.0,,0.0,,0.0
2025-08-27 00:00:00,0.0,,0.0,,0.0
2025-08-27 01:00:00,0.0,,0.0,,0.0
2025-08-27 02:00:00,0.0,,0.0,,0.0
2025-08-27 03:00:00,0.0,,0.0,,0.0
2025-08-27 04:00:00,0.0,,0.0,,0.0
2025-08-27 05:00:00,0.0,,0.0,,0.0
2025-08-27 06:00:00,0.0,,0.0,,0.0
2025-08-27 07:00:00,0.0,,0.0,,0.0
2025-08-27 08:00:00,0.0,,0.0,,0.0
2025-08-27 09:00:00,0.0,,0.0,,0.0
2025-08-27 10:00:00,0.0,,0.0,,0.0
2025-08-27 11:00:00,0.0,,0.0,,0.0
2025-08-27 12:00:00,0.0,,0.0,,0.0
2025-08-27 13:00:00,0.0,,0.0,,0.0
2025-08-27 14:00:00,0.0,,0.0,,0.0
2025-08-27 15:00:00,0.0,,0.0,,0.0
2025-08-27 16:00:00,0.0,,0.0,,0.0
2025-08-27 17:00:00,0.0,,0.0,,0.0
2025-08-27 18:00:00,0.0,,0.0,,0.0
2025-08-27 19:00:00,0.0,,0.0,,0.0
2025-08-27 20:00:00,0.0,,0.0,,0.0
2025-08-27 21:00:00,0.0,,0.0,,0.0
2025-08-27 22:00:00,0.0,,0.0,,0.0
2025-08-27 23:00:00,0.0,,0.0,,0.0
2025-08-28 00:00:00,0.0,,0.0,,0.0
2025-08-28 01:00:00,0.0,,0.0,,0.0
2025-08-28 02:00:00,0.0,,0.0,,0.0
2025-08-28 03:00:00,0.0,,0.0,,0.0
2025-08-28 04:00:00,0.0,,0.0,,0.0
2025-08-28 05:00:00,0.0,,0.0,,0.0
2025-08-28 06:00:00,0.0,,0.0,,0.0
2025-08-28 07:00:00,0.0,,0.0,,0.0
2025-08-28 08:00:00,0.0,,0.0,,0.0
2025-08-28 09:00:00,0.0,,0.0,,0.0
2025-08-28 10:00:00,0.0,,0.0,,0.0
2025-08-28 11:00:00,0.0,,0.0,,0.0
2025-08-28 12:00:00,0.0,,0.0,,0.0
2025-08-28 13:00:00,0.0,,0.0,,0.0
2025-08-28 14:00:00,0.0,,0.0,,0.0
2025-08-28 15:00:00,0.0,,0.0,,0.0
2025-08-28 16:00:00,0.0,,0.0,,0.0
2025-08-28 17:00:00,0.0,,0.0,,0.0
2025-08-28 18:00:00,0.0,,0.0,,0.0
2025-08-28 19:00:00,0.0,,0.0,,0.0
2025-08-28 20:00:00,0.0,,0.0,,0.0
2025-08-28 21:00:00,0.0,,0.0,,0.0
2025-08-28 22:00:00,0.0,,0.0,,0.0
2025-08-28 23:00:00,0.0,,0.0,,0.0
2025-08-29 00:00:00,0.0,,0.0,,0.0
2025-08-29 01:00:00,0.0,,0.0,,0.0
2025-08-29 02:00:00,0.0,,0.0,,0.0
2025-08-29 03:00:00,0.0,,0.0,,0.0
2025-08-29 04:00:00,0.0,,0.0,,0.0
2025-08-29 05:00:00,0.0,,0.0,,0.0
2025-08-29 06:00:00,0.0,,0.0,,0.0
2025-08-29 07:00:00,0.0,,0.0,,0.0
2025-08-29 08:00:00,0.0,,0.0,,0.0
2025-08-29 09:00:00,0.0,,0.0,,0.0
2025-08-29 10:00:00,0.0,,0.0,,0.0
2025-08-29 11:00:00,0.0,,0.0,,0.0
2025-08-29 12:00:00,0.0,,0.0,,0.0
2025-08-29 13:00:00,0.0,,0.0,,0.0
2025-08-29 14:00:00,0.0,,0.0,,0.0
2025-08-29 15:00:00,0.0,,0.0,,0.0
2025-08-29 16:00:00,0.0,,0.0,,0.0
2025-08-29 17:00:00,0.0,,0.0,,0.0
2025-08-29 18:00:00,0.0,,0.0,,0.0
2025-08-29 19:00:00,0.0,,0.0,,0.0
2025-08-29 20:00:00,0.0,,0.0,,0.0
2025-08-29 21:00:00,0.0,,0.0,,0.0
2025-08-29 22:00:00,0.0,,0.0,,0.0
2025-08-29 23:00:00,0.0,,0.0,,0.0
2025-08-30 00:00:00,0.0,,0.0,,0.0
2025-08-30 01:00:00,0.0,,0.0,,0.0
2025-08-30 02:00:00,0.0,,0.0,,0.0
2025-08-30 03:00:00,0.0,,0.0,,0.0
2025-08-30 04:00:00,-3.7686924827453814e-06,,0.0,,0.0
2025-08-30 05:00:00,0.0,,0.0,,0.0
2025-08-30 06:00:00,0.0,,0.0,,0.0
2025-08-30 07:00:00,0.0,,0.0,,0.0
2025-08-30 08:00:00,0.0,,0.0,,0.0
2025-08-30 09:00:00,0.0,,0.0,,0.0
2025-08-30 10:00:00,0.0,,0.0,,0.0
2025-08-30 11:00:00,0.0,,0.0,,0.0
2025-08-30 12:00:00,0.0,,0.0,,0.0
2025-08-30 13:00:00,0.0,,0.0,,0.0
2025-08-30 14:00:00,0.0,,0.0,,0.0
2025-08-30 15:00:00,0.0,,0.0,,0.0
2025-08-30 16:00:00,0.0,,0.0,,0.0
2025-08-30 17:00:00,0.0,,0.0,,0.0
2025-08-30 18:00:00,0.0,,0.0,,0.0
2025-08-30 19:00:00,0.0,,0.0,,0.0
2025-08-30 20:00:00,0.0,,0.0,,0.0
2025-08-30 21:00:00,1.0097005875488112e-06,,0.0,,0.0
2025-08-30 22:00:00,0.0,,0.0,,0.0
2025-08-30 23:00:00,0.0,,0.0,,0.0
2025-08-31 00:00:00,0.0,,0.0,,0.0
2025-08-31 01:00:00,0.0,,0.0,,0.0
2025-08-31 02:00:00,0.0,,0.0,,0.0
2025-08-31 03:00:00,0.0,,0.0,,0.0
2025-08-31 04:00:00,0.0,,0.0,,0.0
2025-08-31 05:00:00,0.0,,0.0,,0.0
2025-08-31 06:00:00,0.0,,0.0,,0.0
2025-08-31 07:00:00,0.0,,0.0,,0.0
2025-08-31 08:00:00,0.0,,0.0,,0.0
2025-08-31 09:00:00,0.0,,0.0,,0.0
2025-08-31 10:00:00,0.0,,0.0,,0.0
2025-08-31 11:00:00,0.0,,0.0,,0.0
2025-08-31 12:00:00,0.0,,0.0,,0.0
2025-08-31 13:00:00,0.0,,0.0,,0.0
2025-08-31 14:00:00,0.0,,0.0,,0.0
2025-08-31 15:00:00,0.0,,0.0,,0.0
2025-08-31 16:00:00,0.0,,0.0,,0.0
2025-08-31 17:00:00,0.0,,0.0,,0.0
2025-08-31 18:00:00,0.0,,0.0,,0.0
2025-08-31 19:00:00,0.0,,0.0,,0.0
2025-08-31 20:00:00,0.0,,0.0,,0.0
2025-08-31 21:00:00,0.0,,0.0,,0.0
2025-08-31 22:00:00,0.0,,0.0,,0.0
2025-08-31 23:00:00,0.0,,0.0,,0.0
2025-09-01 00:00:00,0.0,,0.0,,0.0
2025-09-01 01:00:00,0.0,,0.0,,0.0
2025-09-01 02:00:00,0.0,,0.0,,0.0
2025-09-01 03:00:00,0.0,,0.0,,0.0
2025-09-01 04:00:00,0.0,,0.0,,0.0
2025-09-01 05:00:00,0.0,,0.0,,0.0
2025-09-01 06:00:00,0.0,,0.0,,0.0
2025-09-01 07:00:00,0.0,,0.0,,0.0
2025-09-01 08:00:00,0.0,,0.0,,0.0
2025-09-01 09:00:00,0.0,,0.0,,0.0
2025-09-01 10:00:00,0.0,,0.0,,0.0
2025-09-01 11:00:00,0.0,,0.0,,0.0
2025-09-01 12:00:00,0.0,,0.0,,0.0
2025-09-01 13:00:00,0.0,,0.0,,0.0
2025-09-01 14:00:00,0.0,,0.0,,0.0
2025-09-01 15:00:00,0.0,,0.0,,0.0
2025-09-01 16:00:00,0.0,,0.0,,0.0
2025-09-01 17:00:00,0.0,,0.0,,0.0
2025-09-01 18:00:00,0.0,,0.0,,0.0
2025-09-01 19:00:00,0.0,,0.0,,0.0
2025-09-01 20:00:00,0.0,,0.0,,0.0
2025-09-01 21:00:00,0.0,,0.0,,0.0
2025-09-01 22:00:00,0.0,,0.0,,0.0
2025-09-01 23:00:00,0.0,,0.0,,0.0
2025-09-02 00:00:00,0.0,,0.0,,0.0
2025-09-02 01:00:00,0.0,,0.0,,0.0
2025-09-02 02:00:00,0.0,,0.0,,0.0
2025-09-02 03:00:00,0.0,,0.0,,0.0
2025-09-02 04:00:00,0.0,,0.0,,0.0
2025-09-02 05:00:00,0.0,,0.0,,0.0
2025-09-02 06:00:00,0.0,,0.0,,0.0
2025-09-02 07:00:00,0.0,,0.0,,0.0
2025-09-02 08:00:00,0.0,,0.0,,0.0
2025-09-02 09:00:00,0.0,,0.0,,0.0
2025-09-02 10:00:00,0.0,,0.0,,0.0
2025-09-02 11:00:00,0.0,,0.0,,0.0
2025-09-02 12:00:00,0.0,,0.0,,0.0
2025-09-02 13:00:00,0.0,,0.0,,0.0
2025-09-02 14:00:00,0.0,,0.0,,0.0
2025-09-02 15:00:00,0.0,,0.0,,0.0
2025-09-02 16:00:00,0.0,,0.0,,0.0
2025-09-02 17:00:00,0.0,,0.0,,0.0
2025-09-02 18:00:00,0.0,,0.0,,0.0
2025-09-02 19:00:00,0.0,,0.0,,0.0
2025-09-02 20:00:00,0.0,,0.0,,0.0
2025-09-02 21:00:00,0.0,,0.0,,0.0
2025-09-02 22:00:00,0.0,,0.0,,0.0
2025-09-02 23:00:00,0.0,,0.0,,0.0
2025-09-03 00:00:00,0.0,,0.0,,0.0
2025-09-03 01:00:00,0.0,,0.0,,0.0
2025-09-03 02:00:00,0.0,,0.0,,0.0
2025-09-03 03:00:00,0.0,,0.0,,0.0
2025-09-03 04:00:00,0.0,,0.0,,0.0
2025-09-03 05:00:00,0.0,,0.0,,0.0
2025-09-03 06:00:00,0.0,,0.0,,0.0
2025-09-03 07:00:00,0.0,,0.0,,0.0
2025-09-03 08:00:00,0.0,,0.0,,0.0
2025-09-03 09:00:00,0.0,,0.0,,0.0
2025-09-03 10:00:00,0.0,,0.0,,0.0
2025-09-03 11:00:00,0.0,,0.0,,0.0
2025-09-03 12:00:00,0.0,,0.0,,0.0
2025-09-03 13:00:00,0.0,,0.0,,0.0
2025-09-03 14:00:00,0.0,,0.0,,0.0
2025-09-03 15:00:00,0.0,,0.0,,0.0
2025-09-03 16:00:00,0.0,,0.0,,0.0
2025-09-03 17:00:00,0.0,,0.0,,0.0
2025-09-03 18:00:00,0.0,,0.0,,0.0
2025-09-03 19:00:00,0.0,,0.0,,0.0
2025-09-03 20:00:00,0.0,,0.0,,0.0
2025-09-03 21:00:00,0.0,,0.0,,0.0
2025-09-03 22:00:00,0.0,,0.0,,0.0
2025-09-03 23:00:00,0.0,,0.0,,0.0
2025-09-04 00:00:00,0.0,,0.0,,0.0
2025-09-04 01:00:00,0.0,,0.0,,0.0
2025-09-04 02:00:00,0.0,,0.0,,0.0
2025-09-04 03:00:00,0.0,,0.0,,0.0
2025-09-04 04:00:00,0.0,,0.0,,0.0
2025-09-04 05:00:00,0.0,,0.0,,0.0
2025-09-04 06:00:00,0.0,,0.0,,0.0
2025-09-04 07:00:00,0.0,,0.0,,0.0
2025-09-04 08:00:00,0.0,,0.0,,0.0
2025-09-04 09:00:00,0.0,,0.0,,0.0
2025-09-04 10:00:00,0.0,,0.0,,0.0
2025-09-04 11:00:00,0.0,,0.0,,0.0
2025-09-04 12:00:00,0.0,,0.0,,0.0
2025-09-04 13:00:00,0.0,,0.0,,0.0
2025-09-04 14:00:00,0.0,,0.0,,0.0
2025-09-04 15:00:00,0.0,,0.0,,0.0
2025-09-04 16:00:00,0.0,,0.0,,0.0
2025-09-04 17:00:00,0.0,,0.0,,0.0
2025-09-04 18:00:00,0.0,,0.0,,0.0
2025-09-04 19:00:00,0.0,,0.0,,0.0
2025-09-04 20:00:00,0.0,,0.0,,0.0
2025-09-04 21:00:00,0.0,,0.0,,0.0
2025-09-04 22:00:00,0.0,,0.0,,0.0
2025-09-04 23:00:00,0.0,,0.0,,0.0
2025-09-05 00:00:00,0.0,,0.0,,0.0
2025-09-05 01:00:00,0.0,,0.0,,0.0
2025-09-05 02:00:00,0.0,,0.0,,0.0
2025-09-05 03:00:00,0.0,,0.0,,0.0
2025-09-05 04:00:00,0.0,,0.0,,0.0
2025-09-05 05:00:00,0.0,,0.0,,0.0
2025-09-05 06:00:00,0.0,,0.0,,0.0
2025-09-05 07:00:00,0.0,,0.0,,0.0
2025-09-05 08:00:00,0.0,,0.0,,0.0
2025-09-05 09:00:00,0.0,,0.0,,0.0
2025-09-05 10:00:00,0.0,,0.0,,0.0
2025-09-05 11:00:00,0.0,,0.0,,0.0
2025-09-05 12:00:00,0.0,,0.0,,0.0
2025-09-05 13:00:00,0.0,,0.0,,0.0
2025-09-05 14:00:00,0.0,,0.0,,0.0
2025-09-05 15:00:00,0.0,,0.0,,0.0
2025-09-05 16:00:00,0.0,,0.0,,0.0
2025-09-05 17:00:00,0.0,,0.0,,0.0
2025-09-05 18:00:00,0.0,,0.0,,0.0
2025-09-05 19:00:00,0.0,,0.0,,0.0
2025-09-05 20:00:00,0.0,,0.0,,0.0
2025-09-05 21:00:00,0.0,,0.0,,0.0
2025-09-05 22:00:00,0.0,,0.0,,0.0
2025-09-05 23:00:00,0.0,,0.0,,0.0
2025-09-06 00:00:00,0.0,,0.0,,0.0
2025-09-06 01:00:00,0.0,,0.0,,0.0
2025-09-06 02:00:00,0.0,,0.0,,0.0
2025-09-06 03:00:00,0.0,,0.0,,0.0
2025-09-06 04:00:00,0.0,,0.0,,0.0
2025-09-06 05:00:00,0.0,,0.0,,0.0
2025-09-06 06:00:00,0.0,,0.0,,0.0
2025-09-06 07:00:00,0.0,,0.0,,0.0
2025-09-06 08:00:00,0.0,,0.0,,0.0
2025-09-06 09:00:00,0.0,,0.0,,0.0
2025-09-06 10:00:00,0.0,,0.0,,0.0
2025-09-06 11:00:00,0.0,,0.0,,0.0
2025-09-06 12:00:00,0.0,,0.0,,0.0
2025-09-06 13:00:00,0.0,,0.0,,0.0
2025-09-06 14:00:00,0.0,,0.0,,0.0
2025-09-06 15:00:00,1.7005996518590398e-05,,0.0,,0.0
2025-09-06 16:00:00,-1.8300077101550393e-06,,0.0,,0.0
2025-09-06 17:00:00,0.0,,0.0,,0.0
2025-09-06 18:00:00,0.0,,0.0,,0.0
2025-09-06 19:00:00,0.0,,0.0,,0.0
2025-09-06 20:00:00,0.0,,0.0,,0.0
2025-09-06 21:00:00,0.0,,0.0,,0.0
2025-09-06 22:00:00,0.0,,0.0,,0.0
2025-09-06 23:00:00,0.0,,0.0,,0.0
2025-09-07 00:00:00,0.0,,0.0,,0.0
2025-09-07 01:00:00,0.0,,0.0,,0.0
2025-09-07 02:00:00,0.0,,0.0,,0.0
2025-09-07 03:00:00,0.0,,0.0,,0.0
2025-09-07 04:00:00,0.0,,0.0,,0.0
2025-09-07 05:00:00,0.0,,0.0,,0.0
2025-09-07 06:00:00,0.0,,0.0,,0.0
2025-09-07 07:00:00,0.0,,0.0,,0.0
2025-09-07 08:00:00,0.0,,0.0,,0.0
2025-09-07 09:00:00,0.0,,0.0,,0.0
2025-09-07 10:00:00,0.0,,0.0,,0.0
2025-09-07 11:00:00,0.0,,0.0,,0.0
2025-09-07 12:00:00,0.0,,0.0,,0.0
2025-09-07 13:00:00,0.0,,0.0,,0.0
2025-09-07 14:00:00,0.0,,0.0,,0.0
2025-09-07 15:00:00,0.0,,0.0,,0.0
2025-09-07 16:00:00,0.0,,0.0,,0.0
2025-09-07 17:00:00,0.0,,0.0,,0.0
2025-09-07 18:00:00,0.0,,0.0,,0.0
2025-09-07 19:00:00,0.0,,0.0,,0.0
2025-09-07 20:00:00,0.0,,0.0,,0.0
2025-09-07 21:00:00,0.0,,0.0,,0.0
2025-09-07 22:00:00,0.0,,0.0,,0.0
2025-09-07 23:00:00,0.0,,0.0,,0.0
2025-09-08 00:00:00,0.0,,0.0,,0.0
2025-09-08 01:00:00,0.0,,0.0,,0.0
2025-09-08 02:00:00,0.0,,0.0,,0.0
2025-09-08 03:00:00,0.0,,0.0,,0.0
2025-09-08 04:00:00,0.0,,0.0,,0.0
2025-09-08 05:00:00,0.0,,0.0,,0.0
2025-09-08 06:00:00,0.0,,0.0,,0.0
2025-09-08 07:00:00,0.0,,0.0,,0.0
2025-09-08 08:00:00,0.0,,0.0,,0.0
2025-09-08 09:00:00,0.0,,0.0,,0.0
2025-09-08 10:00:00,-6.970903408586016e-05,,0.0,,0.0
2025-09-08 11:00:00,8.522545742716896e-05,,0.0,,0.0
2025-09-08 12:00:00,0.0,,0.0,,0.0
2025-09-08 13:00:00,-1.6838646845546777e-06,,0.0,,0.0
2025-09-08 14:00:00,0.0,,0.0,,0.0
2025-09-08 15:00:00,0.0,,0.0,,0.0
2025-09-08 16:00:00,0.0,,0.0,,0.0
2025-09-08 17:00:00,0.0,,0.0,,0.0
2025-09-08 18:00:00,0.0,,0.0,,0.0
2025-09-08 19:00:00,0.0,,0.0,,0.0
2025-09-08 20:00:00,-8.496085903052874e-06,,0.0,,0.0
2025-09-08 21:00:00,0.0,,0.0,,0.0
2025-09-08 22:00:00,-3.4526998938929886e-06,,0.0,,0.0
2025-09-08 23:00:00,0.0,,0.0,,0.0
2025-09-09 00:00:00,0.0,,0.0,,0.0
2025-09-09 01:00:00,0.0,,0.0,,0.0
2025-09-09 02:00:00,0.0,,0.0,,0.0
2025-09-09 03:00:00,0.0,,0.0,,0.0
2025-09-09 04:00:00,0.0,,0.0,,0.0
2025-09-09 05:00:00,0.0,,0.0,,0.0
2025-09-09 06:00:00,0.0,,0.0,,0.0
2025-09-09 07:00:00,5.565607621000681e-05,,0.0,,0.0
2025-09-09 08:00:00,0.0,,0.0,,0.0
2025-09-09 09:00:00,-2.150462233622133e-05,,0.0,,0.00026558077142250955
2025-09-09 10:00:00,0.0,,0.0,,0.0
2025-09-09 11:00:00,0.0,,0.0,,0.0
2025-09-09 12:00:00,0.0,,0.0,,0.0
2025-09-09 13:00:00,0.0,,0.0,,0.0
2025-09-09 14:00:00,0.0,,0.0,,0.0
2025-09-09 15:00:00,0.0,,0.0,,0.0
2025-09-09 16:00:00,0.0,,0.0,,0.0
2025-09-09 17:00:00,0.0,,0.0,,0.0
2025-09-09 18:00:00,0.0,,0.0,,0.0
2025-09-09 19:00:00,0.0,,0.0,,0.0
2025-09-09 20:00:00,0.0,,0.0,,0.0
2025-09-09 21:00:00,0.0,,0.0,,0.0
2025-09-09 22:00:00,0.0,,0.0,,0.0
2025-09-09 23:00:00,0.0,,0.0,,0.0
2025-09-10 00:00:00,0.0,,0.0,,0.0
2025-09-10 01:00:00,0.0,,0.0,,0.0
2025-09-10 02:00:00,0.0,,0.0,,0.0
2025-09-10 03:00:00,0.0,,0.0,,0.0
2025-09-10 04:00:00,0.0,,0.0,,0.0
2025-09-10 05:00:00,0.0,,0.0,,0.0
2025-09-10 06:00:00,0.0,,0.0,,0.0
2025-09-10 07:00:00,0.0,,0.0,,0.0
2025-09-10 08:00:00,0.0,,0.0,,0.0
2025-09-10 09:00:00,0.0,,0.0,,0.0
2025-09-10 10:00:00,0.0,,0.0,,0.0
2025-09-10 11:00:00,0.0,,0.0,,0.0
2025-09-10 12:00:00,0.0,,0.0,,0.0
2025-09-10 13:00:00,-1.8012562620542697e-05,,0.0,,0.0
2025-09-10 14:00:00,0.0,,0.0,,0.0
2025-09-10 15:00:00,0.0,,0.0,,0.0
2025-09-10 16:00:00,2.7370758012247257e-05,,0.0,,0.0
2025-09-10 17:00:00,0.0,,0.0,,0.0
2025-09-10 18:00:00,-4.986886805394081e-06,,0.0,,0.0
2025-09-10 19:00:00,0.0,,0.0,,0.0
2025-09-10 20:00:00,0.0,,0.0,,0.0
2025-09-10 21:00:00,-1.4362439957581707e-06,,0.0,,0.0
2025-09-10 22:00:00,0.0,,0.0,,0.0
2025-09-10 23:00:00,0.0,,0.0,,0.0
2025-09-11 00:00:00,0.0,,0.0,,0.0
2025-09-11 01:00:00,1.9444343719415934e-06,,0.0,,0.0
2025-09-11 02:00:00,0.0,,0.0,,0.0
2025-09-11 03:00:00,0.0,,0.0,,0.0
2025-09-11 04:00:00,0.0,,0.0,,0.0
2025-09-11 05:00:00,0.0,,0.0,,0.0
2025-09-11 06:00:00,0.0,,0.0,,0.0
2025-09-11 07:00:00,0.0,,0.0,,0.0
2025-09-11 08:00:00,0.0,,0.0,,0.0
2025-09-11 09:00:00,0.0,,0.0,,0.0
2025-09-11 10:00:00,0.0,,0.0,,0.0
2025-09-11 11:00:00,0.0,,0.0,,0.0
2025-09-11 12:00:00,0.0,,0.0,,0.0
2025-09-11 13:00:00,0.0,,0.0,,0.0
2025-09-11 14:00:00,0.0,,0.0,,0.0
2025-09-11 15:00:00,0.0,,0.0,,0.0
2025-09-11 16:00:00,0.0,,0.0,,0.0
2025-09-11 17:00:00,0.0,,0.0,,0.0
2025-09-11 18:00:00,0.0,,0.0,,0.0
2025-09-11 19:00:00,0.0,,0.0,,0.0
2025-09-11 20:00:00,0.0,,0.0,,0.0
2025-09-11 21:00:00,0.0,,0.0,,0.0
2025-09-11 22:00:00,0.0,,0.0,,0.0
2025-09-11 23:00:00,0.0,,0.0,,0.0
2025-09-12 00:00:00,0.0,,0.0,,0.0
2025-09-12 01:00:00,0.0,,0.0,,0.0
2025-09-12 02:00:00,0.0,,0.0,,0.0
2025-09-12 03:00:00,0.0,,0.0,,0.0
2025-09-12 04:00:00,0.0,,0.0,,0.0
2025-09-12 05:00:00,0.0,,0.0,,0.0
2025-09-12 06:00:00,0.0,,0.0,,0.0
2025-09-12 07:00:00,0.0,,0.0,,0.0
2025-09-12 08:00:00,0.0,,0.0,,0.0
2025-09-12 09:00:00,-9.996043928361966e-08,,0.0,,0.0
2025-09-12 10:00:00,0.0,,0.0,,0.0
2025-09-12 11:00:00,0.0,,0.0,,0.0
2025-09-12 12:00:00,0.0,,0.0,,0.0
2025-09-12 13:00:00,0.0,,0.0,,0.0
2025-09-12 14:00:00,0.0,,0.0,,0.0
2025-09-12 15:00:00,0.0,,0.0,,0.0
2025-09-12 16:00:00,0.0,,0.0,,0.0
2025-09-12 17:00:00,1.5886159566064656e-05,,0.0,,0.0
2025-09-12 18:00:00,0.0,,0.0,,-0.006701680681496911
2025-09-12 19:00:00,0.0,,0.0,,0.0
2025-09-12 20:00:00,1.1798205972372472e-05,,0.0,,0.0
2025-09-12 21:00:00,0.0,,0.0,,0.0
2025-09-12 22:00:00,0.0,,0.0,,0.0
2025-09-12 23:00:00,0.0,,0.0,,0.0
2025-09-13 00:00:00,2.8872963702961972e-05,,0.0,,0.0
2025-09-13 01:00:00,0.0,,0.0,,-0.001122762101042743
2025-09-13 02:00:00,-0.00012442204114147316,,0.0,,0.0
2025-09-13 03:00:00,0.0,,0.0,,0.0
2025-09-13 04:00:00,6.149073598625163e-06,,0.0,,0.0
2025-09-13 05:00:00,-3.6878746323539325e-06,,0.0,,0.0
2025-09-13 06:00:00,0.0,,0.0,,0.0
2025-09-13 07:00:00,4.183704033682506e-05,,0.0,,0.0
2025-09-13 08:00:00,0.0,,0.0,,0.0
2025-09-13 09:00:00,1.2913100564335288e-05,,0.0,,0.0
2025-09-13 10:00:00,0.0,,0.0,,0.0
2025-09-13 11:00:00,0.0,,0.0,,0.0
2025-09-13 12:00:00,0.0,,0.0,,0.0
2025-09-13 13:00:00,-1.643187138091177e-05,,0.0,,0.0
2025-09-13 14:00:00,0.0,,0.0,,0.0
2025-09-13 15:00:00,0.0,,0.0,,0.0
2025-09-13 16:00:00,0.0,,0.0,,0.0
2025-09-13 17:00:00,0.0,,0.0,,0.0
2025-09-13 18:00:00,0.0,,0.0,,0.0
2025-09-13 19:00:00,0.0,,0.0,,0.0
2025-09-13 20:00:00,0.0,,0.0,,0.0
2025-09-13 21:00:00,0.0,,0.0,,0.0
2025-09-13 22:00:00,0.0,,0.0,,0.0
2025-09-13 23:00:00,0.0,,0.0,,0.0
2025-09-14 00:00:00,0.0,,0.0,,0.0
2025-09-14 01:00:00,0.0,,0.0,,0.0
2025-09-14 02:00:00,0.0,,0.0,,0.0
2025-09-14 03:00:00,0.0,,0.0,,0.0
2025-09-14 04:00:00,0.0,,0.0,,0.0
2025-09-14 05:00:00,0.0,,0.0,,0.0
2025-09-14 06:00:00,0.0,,0.0,,0.0
2025-09-14 07:00:00,0.0,,0.0,,0.0
2025-09-14 08:00:00,0.0,,0.0,,0.0
2025-09-14 09:00:00,0.0,,0.0,,0.0
2025-09-14 10:00:00,0.0,,0.0,,0.0
2025-09-14 11:00:00,0.0,,0.0,,0.0
2025-09-14 12:00:00,0.0,,0.0,,0.0
2025-09-14 13:00:00,0.0,,0.0,,0.0
2025-09-14 14:00:00,0.0,,0.0,,0.0
2025-09-14 15:00:00,0.0,,0.0,,0.0
2025-09-14 16:00:00,0.0,,0.0,,0.0
2025-09-14 17:00:00,0.0,,0.0,,0.0
2025-09-14 18:00:00,0.0,,0.0,,0.0
2025-09-14 19:00:00,0.0,,0.0,,0.0
2025-09-14 20:00:00,4.073391589243593e-06,,0.0,,0.0
2025-09-14 21:00:00,0.0,,0.0,,0.0
2025-09-14 22:00:00,0.0,,0.0,,0.0
2025-09-14 23:00:00,0.0,,0.0,,0.0
2025-09-15 00:00:00,0.0,,0.0,,0.0
2025-09-15 01:00:00,0.0,,0.0,,0.0
2025-09-15 02:00:00,-1.2325825856616838e-06,,0.0,,0.0
2025-09-15 03:00:00,0.0,,0.0,,0.0
2025-09-15 04:00:00,0.0,,0.0,,0.0
2025-09-15 05:00:00,0.0,,0.0,,0.0
2025-09-15 06:00:00,0.0,,0.0,,0.0
2025-09-15 07:00:00,0.0,,0.0,,0.0
2025-09-15 08:00:00,0.0,,0.0,,0.0
2025-09-15 09:00:00,0.0,,0.0,,0.0
2025-09-15 10:00:00,0.0,,0.0,,0.0
2025-09-15 11:00:00,0.0,,0.0,,0.0
2025-09-15 12:00:00,0.0,,0.0,,0.0
2025-09-15 13:00:00,0.0,,0.0,,0.0
2025-09-15 14:00:00,0.0,,0.0,,0.0
2025-09-15 15:00:00,0.0,,0.0,,0.0
2025-09-15 16:00:00,0.0,,0.0,,0.0
2025-09-15 17:00:00,0.0,,0.0,,0.0
2025-09-15 18:00:00,0.0,,0.0,,0.0
2025-09-15 19:00:00,0.0,,0.0,,0.0
2025-09-15 20:00:00,0.0,,0.0,,0.0
2025-09-15 21:00:00,0.0,,0.0,,0.0
2025-09-15 22:00:00,0.0,,0.0,,0.0
2025-09-15 23:00:00,0.0,,0.0,,0.0
2025-09-16 00:00:00,0.0,,0.0,,0.0
2025-09-16 01:00:00,0.0,,0.0,,0.0
2025-09-16 02:00:00,0.0,,0.0,,0.0
2025-09-16 03:00:00,0.0,,0.0,,0.0
2025-09-16 04:00:00,0.0,,0.0,,0.0
2025-09-16 05:00:00,0.0,,0.0,,0.0
2025-09-16 06:00:00,0.0,,0.0,,0.0
2025-09-16 07:00:00,0.0,,0.0,,0.0
2025-09-16 08:00:00,0.0,,0.0,,0.0
2025-09-16 09:00:00,0.0,,0.0,,0.0
2025-09-16 10:00:00,0.0,,0.0,,0.0
2025-09-16 11:00:00,0.0,,0.0,,0.0
2025-09-16 12:00:00,0.0,,0.0,,0.0
2025-09-16 13:00:00,0.0,,0.0,,0.0
2025-09-16 14:00:00,0.0,,0.0,,0.0
2025-09-16 15:00:00,0.0,,0.0,,0.0
2025-09-16 16:00:00,0.0,,0.0,,0.0
2025-09-16 17:00:00,0.0,,0.0,,0.0
2025-09-16 18:00:00,0.0,,0.0,,0.0
2025-09-16 19:00:00,0.0,,0.0,,0.0
2025-09-16 20:00:00,0.0,,0.0,,0.0
2025-09-16 21:00:00,0.0,,0.0,,0.0
2025-09-16 22:00:00,0.0,,0.0,,0.0
2025-09-16 23:00:00,-1.7532505825954427e-06,,0.0,,0.0
2025-09-17 00:00:00,2.1497955252415343e-06,,0.0,,0.0
2025-09-17 01:00:00,0.0,,0.0,,0.0
2025-09-17 02:00:00,0.0,,0.0,,0.0
2025-09-17 03:00:00,0.0,,0.0,,0.0
2025-09-17 04:00:00,-9.013144760392172e-06,,0.0,,0.0
2025-09-17 05:00:00,0.0,,0.0,,0.0
2025-09-17 06:00:00,6.687637301531766e-06,,0.0,,0.0
2025-09-17 07:00:00,-2.22229541062529e-06,,0.0,,0.0
2025-09-17 08:00:00,-1.7689109840390408e-05,,0.0,,0.0
2025-09-17 09:00:00,0.0,,0.0,,0.0
2025-09-17 10:00:00,0.0,,0.0,,0.0
2025-09-17 11:00:00,5.020063300269225e-07,,0.0,,0.0
2025-09-17 12:00:00,5.706524486218896e-06,,0.0,,0.0
2025-09-17 13:00:00,0.0,,0.0,,0.0
2025-09-17 14:00:00,0.0,,0.0,,0.0
2025-09-17 15:00:00,0.0,,0.0,,0.0
2025-09-17 16:00:00,0.0,,0.0,,0.0
2025-09-17 17:00:00,0.0,,0.0,,0.0
2025-09-17 18:00:00,0.0,,0.0,,0.0
2025-09-17 19:00:00,0.0,,0.0,,0.0
2025-09-17 20:00:00,6.204254594432069e-06,,0.0,,0.0
2025-09-17 21:00:00,0.0,,0.0,,0.0
2025-09-17 22:00:00,2.386134126771445e-05,,0.0,,0.0
2025-09-17 23:00:00,-1.8126795157285777e-06,,0.0,,0.0
2025-09-18 00:00:00,0.0,,0.0,,0.0
2025-09-18 01:00:00,0.0,,0.0,,0.0
2025-09-18 02:00:00,0.0,,0.0,,0.0
2025-09-18 03:00:00,0.0,,0.0,,0.0
2025-09-18 04:00:00,0.0,,0.0,,0.0
2025-09-18 05:00:00,0.0,,0.0,,0.0
2025-09-18 06:00:00,0.0,,0.0,,0.0
2025-09-18 07:00:00,0.0,,0.0,,0.0
2025-09-18 08:00:00,0.0,,0.0,,0.0
2025-09-18 09:00:00,0.0,,0.0,,0.0
2025-09-18 10:00:00,0.0,,0.0,,0.0
2025-09-18 11:00:00,0.0,,0.0,,0.0
2025-09-18 12:00:00,0.0,,0.0,,0.0
2025-09-18 13:00:00,0.0,,0.0,,0.0
2025-09-18 14:00:00,0.0,,0.0,,0.0
2025-09-18 15:00:00,0.0,,0.0,,0.0
2025-09-18 16:00:00,0.0,,0.0,,0.0
2025-09-18 17:00:00,0.0,,0.0,,0.0
2025-09-18 18:00:00,0.0,,0.0,,0.0
2025-09-18 19:00:00,0.0,,0.0,,0.0
2025-09-18 20:00:00,3.661477538541598e-06,,0.0,,0.0
2025-09-18 21:00:00,0.0,,0.0,,0.0
2025-09-18 22:00:00,0.0,,0.0,,0.0
2025-09-18 23:00:00,0.0,,0.0,,0.0
2025-09-19 00:00:00,0.0,,0.0,,0.0
2025-09-19 01:00:00,0.0,,0.0,,0.0
2025-09-19 02:00:00,0.0,,0.0,,0.0
2025-09-19 03:00:00,0.0,,0.0,,0.0
2025-09-19 04:00:00,0.0,,0.0,,0.0
2025-09-19 05:00:00,0.0,,0.0,,0.0
2025-09-19 06:00:00,0.0,,0.0,,0.0
2025-09-19 07:00:00,0.0,,0.0,,0.0
2025-09-19 08:00:00,0.0,,0.0,,0.0
2025-09-19 09:00:00,0.0,,0.0,,0.0
2025-09-19 10:00:00,0.0,,0.0,,0.0
2025-09-19 11:00:00,0.0,,0.0,,0.0
2025-09-19 12:00:00,0.0,,,0.0,
2025-09-19 13:00:00,0.0,,,0.0,
2025-09-19 14:00:00,0.0,,,0.0,
2025-09-19 15:00:00,0.0,,,0.0,
2025-09-19 16:00:00,0.0,,,0.0,
2025-09-19 17:00:00,-1.5754839084920707e-06,,,0.0,
2025-09-19 18:00:00,1.5111097176378317e-06,,,0.0,
2025-09-19 19:00:00,0.0,,,0.0,
2025-09-19 20:00:00,0.0,,,0.0,
2025-09-19 21:00:00,0.0,,,0.0,
2025-09-19 22:00:00,0.0,,,0.0,
2025-09-19 23:00:00,3.1537948846946304e-07,,,0.0,
2025-09-20 00:00:00,-3.63208075361074e-06,,,0.0,
2025-09-20 01:00:00,0.0,,,0.0,
2025-09-20 02:00:00,0.0,,,0.0,
2025-09-20 03:00:00,0.0,,,0.0,
2025-09-20 04:00:00,0.0,,,0.0,
2025-09-20 05:00:00,0.0,,,0.0,
2025-09-20 06:00:00,0.0,,,0.0,
2025-09-20 07:00:00,0.0,,,0.0,
2025-09-20 08:00:00,0.0,,,0.0,
2025-09-20 09:00:00,0.0,,,0.0,
2025-09-20 10:00:00,0.0,,,0.0,
2025-09-20 11:00:00,0.0,,,0.0,
2025-09-20 12:00:00,0.0,,,0.0,
2025-09-20 13:00:00,0.0,,,0.0,
2025-09-20 14:00:00,0.0,,,0.0,
2025-09-20 15:00:00,0.0,,,0.0,
2025-09-20 16:00:00,0.0,,,0.0,
2025-09-20 17:00:00,0.0,,,0.0,
2025-09-20 18:00:00,-4.849961176599415e-06,,,0.0,
2025-09-20 19:00:00,-2.2184974676648694e-06,,,0.0,
2025-09-20 20:00:00,0.0,,,0.0,
2025-09-20 21:00:00,0.0,,,0.0,
2025-09-20 22:00:00,0.0,,,0.0,
2025-09-20 23:00:00,0.0,,,0.0,
2025-09-21 00:00:00,0.0,,,0.0,
2025-09-21 01:00:00,1.1196298905604814e-05,,,0.0,
2025-09-21 02:00:00,0.0,,,0.0,
2025-09-21 03:00:00,0.0,,,0.0,
2025-09-21 04:00:00,0.0,,,0.0,
2025-09-21 05:00:00,0.0,,,0.0,
2025-09-21 06:00:00,-1.7696472264774184e-06,,,0.0,
2025-09-21 07:00:00,3.43516826507041e-06,,,0.0,
2025-09-21 08:00:00,-6.879699162173458e-06,,,0.0,
2025-09-21 09:00:00,0.0,,,0.0,
2025-09-21 10:00:00,0.0,,,0.0,
2025-09-21 11:00:00,0.0,,,0.0,
2025-09-21 12:00:00,0.0,,,0.0,
2025-09-21 13:00:00,0.0,,,0.0,
2025-09-21 14:00:00,0.0,,,0.0,
2025-09-21 15:00:00,0.0,,,0.0,
2025-09-21 16:00:00,0.0,,,0.0,
2025-09-21 17:00:00,0.0,,,0.0,
2025-09-21 18:00:00,0.0,,,0.0,
2025-09-21 19:00:00,0.0,,,0.0,
2025-09-21 20:00:00,0.0,,,0.0,
2025-09-21 21:00:00,0.0,,,0.0,
2025-09-21 22:00:00,2.8526064206520714e-07,,,0.0,
2025-09-21 23:00:00,-6.793557807583886e-06,,,0.0,
2025-09-22 00:00:00,0.0,,,0.0,
2025-09-22 01:00:00,1.6179535157410986e-05,,,0.0,
2025-09-22 02:00:00,-3.0385173440282997e-05,,,0.0,
2025-09-22 03:00:00,1.522478522243601e-05,,,0.0,
2025-09-22 04:00:00,-4.9239168242265e-06,,,0.0,
2025-09-22 05:00:00,0.0,,,0.0,
2025-09-22 06:00:00,3.2075139603460236e-06,,,0.0,
2025-09-22 07:00:00,-1.1793582560738904e-05,,,0.0,
2025-09-22 08:00:00,1.924563372999874e-05,,,0.0,
2025-09-22 09:00:00,0.0,,,0.0,
2025-09-22 10:00:00,-1.6540790120883357e-05,,,0.0,
2025-09-22 11:00:00,-7.230656592986708e-06,,,0.0,
2025-09-22 12:00:00,0.0,,,0.0,
2025-09-22 13:00:00,0.0,,,0.0,
2025-09-22 14:00:00,0.0,,,0.0,
2025-09-22 15:00:00,0.0,,,0.0,
2025-09-22 16:00:00,2.9357204593704125e-06,,,0.0,
2025-09-22 17:00:00,0.0,,,0.0,
2025-09-22 18:00:00,0.0,,,0.0,
2025-09-22 19:00:00,0.0,,,0.0,
2025-09-22 20:00:00,0.0,,,0.0,
2025-09-22 21:00:00,0.0,,,0.0,
2025-09-22 22:00:00,0.0,,,0.0,
2025-09-22 23:00:00,0.0,,,0.0,
2025-09-23 00:00:00,0.0,,,0.0,
2025-09-23 01:00:00,0.0,,,0.0,
2025-09-23 02:00:00,0.0,,,0.0,
2025-09-23 03:00:00,0.0,,,0.0,
2025-09-23 04:00:00,0.0,,,0.0,
2025-09-23 05:00:00,0.0,,,0.0,
2025-09-23 06:00:00,-3.099980764683874e-06,,,0.0,
2025-09-23 07:00:00,-5.037733445585006e-07,,,0.0,
2025-09-23 08:00:00,0.0,,,0.0,
2025-09-23 09:00:00,0.0,,,0.0,
2025-09-23 10:00:00,0.0,,,0.0,
2025-09-23 11:00:00,0.0,,,0.0,
2025-09-23 12:00:00,3.6980738585677014e-06,,,0.0,
2025-09-23 13:00:00,0.0,,,0.0,
2025-09-23 14:00:00,0.0,,,0.0,
2025-09-23 15:00:00,-2.685450228994448e-06,,,0.0,
2025-09-23 16:00:00,0.0,,,0.0,
2025-09-23 17:00:00,0.0,,,0.0,
2025-09-23 18:00:00,0.0,,,0.0,
2025-09-23 19:00:00,0.0,,,0.0,
2025-09-23 20:00:00,0.0,,,0.0,
2025-09-23 21:00:00,0.0,,,0.0,
2025-09-23 22:00:00,0.0,,,0.0,
2025-09-23 23:00:00,0.0,,,0.0,
2025-09-24 00:00:00,0.0,,,0.0,
2025-09-24 01:00:00,0.0,,,0.0,
2025-09-24 02:00:00,0.0,,,0.0,
2025-09-24 03:00:00,0.0,,,0.0,
2025-09-24 04:00:00,0.0,,,0.0,
2025-09-24 05:00:00,7.984704598211812e-06,,,0.0,
2025-09-24 06:00:00,2.4464403318896835e-06,,,0.0,
2025-09-24 07:00:00,0.0,,,0.0,
2025-09-24 08:00:00,0.0,,,0.0,
2025-09-24 09:00:00,0.0,,,0.0,
2025-09-24 10:00:00,0.0,,,0.0,
2025-09-24 11:00:00,0.0,,,0.0,
2025-09-24 12:00:00,0.0,,,0.0,
2025-09-24 13:00:00,0.0,,,0.0,
2025-09-24 14:00:00,0.0,,,0.0,
2025-09-24 15:00:00,0.0,,,0.0,
2025-09-24 16:00:00,0.0,,,0.0,
2025-09-24 17:00:00,0.0,,,0.0,
2025-09-24 18:00:00,0.0,,,0.0,
2025-09-24 19:00:00,-5.115304823537658e-06,,,0.0,
2025-09-24 20:00:00,4.11560313380288e-06,,,0.0,
2025-09-24 21:00:00,0.0,,,0.0,
2025-09-24 22:00:00,0.0,,,0.0,
2025-09-24 23:00:00,0.0,,,0.0,
2025-09-25 00:00:00,0.0,,,0.0,
2025-09-25 01:00:00,0.0,,,0.0,
2025-09-25 02:00:00,0.0,,,0.0,
2025-09-25 03:00:00,0.0,,,0.0,
2025-09-25 04:00:00,0.0,,,0.0,
2025-09-25 05:00:00,0.0,,,0.0,
2025-09-25 06:00:00,0.0,,,0.0,
2025-09-25 07:00:00,0.0,,,0.0,
2025-09-25 08:00:00,3.833099194054818e-06,,,0.0,
2025-09-25 09:00:00,0.0,,,0.0,
2025-09-25 10:00:00,0.0,,,0.0,
2025-09-25 11:00:00,0.0,,,0.0,
2025-09-25 12:00:00,0.0,,,0.0,
2025-09-25 13:00:00,0.0,,,0.0,
2025-09-25 14:00:00,0.0,,,0.0,
2025-09-25 15:00:00,-5.432257898757085e-06,,,0.0,
2025-09-25 16:00:00,0.0,,,0.0,
2025-09-25 17:00:00,0.0,,,0.0,
2025-09-25 18:00:00,0.0,,,0.0,
2025-09-25 19:00:00,9.3680068621191e-06,,,0.0,
2025-09-25 20:00:00,0.0,,,0.0,
2025-09-25 21:00:00,0.0,,,0.0,
2025-09-25 22:00:00,1.7222919036533008e-06,,,0.0,
2025-09-25 23:00:00,0.0,,,0.0,
2025-09-26 00:00:00,0.0,,,0.0,
2025-09-26 01:00:00,0.0,,,0.0,
2025-09-26 02:00:00,0.0,,,0.0,
2025-09-26 03:00:00,0.0,,,0.0,
2025-09-26 04:00:00,0.0,,,0.0,
2025-09-26 05:00:00,0.0,,,0.0,
2025-09-26 06:00:00,0.0,,,0.0,
2025-09-26 07:00:00,0.0,,,0.0,
2025-09-26 08:00:00,0.0,,,0.0,
2025-09-26 09:00:00,0.0,,,0.0,
2025-09-26 10:00:00,0.0,,,0.0,
2025-09-26 11:00:00,0.0,,,0.0,
2025-09-26 12:00:00,0.0,,,0.0,
2025-09-26 13:00:00,0.0,,,0.0,
2025-09-26 14:00:00,0.0,,,0.0,
2025-09-26 15:00:00,2.7152532391692448e-06,,,0.0,
2025-09-26 16:00:00,0.0,,,0.0,
2025-09-26 17:00:00,0.0,,,0.0,
2025-09-26 18:00:00,0.0,,,0.0,
2025-09-26 19:00:00,-1.2164930926099093e-06,,,0.0,
2025-09-26 20:00:00,0.0,,,0.0,
2025-09-26 21:00:00,0.0,,,0.0,
2025-09-26 22:00:00,0.0,,,0.0,
2025-09-26 23:00:00,-4.875450073476866e-06,,,0.0,
2025-09-27 00:00:00,4.997773331379265e-06,,,0.0,
2025-09-27 01:00:00,0.0,,,0.0,
2025-09-27 02:00:00,-2.17528845429861e-06,,,0.0,
2025-09-27 03:00:00,0.0,,,0.0,
2025-09-27 04:00:00,0.0,,,0.0,
2025-09-27 05:00:00,0.0,,,0.0,
2025-09-27 06:00:00,0.0,,,0.0,
2025-09-27 07:00:00,0.0,,,0.0,
2025-09-27 08:00:00,0.0,,,0.0,
2025-09-27 09:00:00,0.0,,,0.0,
2025-09-27 10:00:00,7.281960078581717e-06,,,0.0,
2025-09-27 11:00:00,8.350652971125825e-06,,,0.0,
2025-09-27 12:00:00,8.897696897771258e-07,,,0.0,
2025-09-27 13:00:00,-3.0281003988847893e-06,,,0.0,
2025-09-27 14:00:00,0.0,,,0.0,
2025-09-27 15:00:00,0.0,,,0.0,
2025-09-27 16:00:00,0.0,,,0.0,
2025-09-27 17:00:00,0.0,,,0.0,
2025-09-27 18:00:00,0.0,,,0.0,
2025-09-27 19:00:00,0.0,,,0.0,
2025-09-27 20:00:00,0.0,,,0.0,
2025-09-27 21:00:00,0.0,,,0.0,
2025-09-27 22:00:00,0.0,,,0.0,
2025-09-27 23:00:00,0.0,,,0.0,
2025-09-28 00:00:00,0.0,,,0.0,
2025-09-28 01:00:00,0.0,,,0.0,
2025-09-28 02:00:00,0.0,,,0.0,
2025-09-28 03:00:00,0.0,,,0.0,
2025-09-28 04:00:00,0.0,,,0.0,
2025-09-28 05:00:00,0.0,,,0.0,
2025-09-28 06:00:00,0.0,,,0.0,
2025-09-28 07:00:00,-6.280669106834424e-07,,,0.0,
2025-09-28 08:00:00,-2.3736456516135953e-07,,,0.0,
2025-09-28 09:00:00,4.7242061357309874e-08,,,0.0,
2025-09-28 10:00:00,0.0,,,0.0,
2025-09-28 11:00:00,0.0,,,0.0,
2025-09-28 12:00:00,0.0,,,0.0,
2025-09-28 13:00:00,0.0,,,0.0,
2025-09-28 14:00:00,0.0,,,0.0,
2025-09-28 15:00:00,0.0,,,0.0,
2025-09-28 16:00:00,0.0,,,0.0,
2025-09-28 17:00:00,0.0,,,0.0,
2025-09-28 18:00:00,0.0,,,0.0,
2025-09-28 19:00:00,0.0,,,0.0,
2025-09-28 20:00:00,-1.5816702374496518e-06,,,0.0,
2025-09-28 21:00:00,-3.971915237479269e-06,,,0.0,
2025-09-28 22:00:00,-2.044827794200908e-05,,,0.0,
2025-09-28 23:00:00,0.0,,,0.0,
2025-09-29 00:00:00,0.0,,,0.0,
2025-09-29 01:00:00,0.0,,,0.0,
2025-09-29 02:00:00,0.0,,,0.0,
2025-09-29 03:00:00,0.0,,,0.0,
2025-09-29 04:00:00,-4.969360818735996e-06,,,0.0,
2025-09-29 05:00:00,-2.330132008433472e-06,,,0.0,
2025-09-29 06:00:00,-1.4665241048108507e-06,,,0.0,
2025-09-29 07:00:00,0.0,,,0.0,
2025-09-29 08:00:00,0.0,,,0.0,
2025-09-29 09:00:00,-2.3036403721578782e-06,,,8.765700302348793e-05,
2025-09-29 10:00:00,0.0,,,0.0,
2025-09-29 11:00:00,0.0,,,0.0,
2025-09-29 12:00:00,0.0,,,0.0,
2025-09-29 13:00:00,0.0,,,0.0,
2025-09-29 14:00:00,0.0,,,0.0,
2025-09-29 15:00:00,0.0,,,0.0,
2025-09-29 16:00:00,0.0,,,0.0,
2025-09-29 17:00:00,0.0,,,0.0,
2025-09-29 18:00:00,0.0,,,0.0,
2025-09-29 19:00:00,0.0,,,0.0,
2025-09-29 20:00:00,0.0,,,0.0,
2025-09-29 21:00:00,0.0,,,0.0,
2025-09-29 22:00:00,0.0,,,0.0,
2025-09-29 23:00:00,0.0,,,0.0,
2025-09-30 00:00:00,0.0,,,0.0,
2025-09-30 01:00:00,0.0,,,0.0,
2025-09-30 02:00:00,0.0,,,0.0,
2025-09-30 03:00:00,0.0,,,0.0,
2025-09-30 04:00:00,0.0,,,0.0,
2025-09-30 05:00:00,0.0,,,0.0,
2025-09-30 06:00:00,0.0,,,0.0,
2025-09-30 07:00:00,0.0,,,0.0,
2025-09-30 08:00:00,0.0,,,0.0,
2025-09-30 09:00:00,0.0,,,0.0,
2025-09-30 10:00:00,0.0,,,0.0,
2025-09-30 11:00:00,0.0,,,0.0,
2025-09-30 12:00:00,0.0,,,0.0,
2025-09-30 13:00:00,0.0,,,0.0,
2025-09-30 14:00:00,8.579709732785893e-07,,,0.0,
2025-09-30 15:00:00,0.0,,,0.0,
2025-09-30 16:00:00,0.0,,,0.0,
2025-09-30 17:00:00,3.0491567829474285e-06,,,0.0,
2025-09-30 18:00:00,5.2259346869221996e-06,,,0.0,
2025-09-30 19:00:00,0.0,,,0.0,
2025-09-30 20:00:00,0.0,,,0.0,
2025-09-30 21:00:00,0.0,,,0.0,
2025-09-30 22:00:00,0.0,,,0.0,
2025-09-30 23:00:00,0.0,,,0.0,
